Thalia-Apotheke;Lerchenfelder Gürtel 35 (Thaliastraße 1);1160;Wien
Hochschwab Apotheke Thörl;Palbersdorf 178;8621;Thörl
Hochschwab Apotheke Aflenz;Mariazellerstraße 14;8623;Aflenz-Kurort
Lindwurm Apotheke;Gablenzgasse 31;1150;Wien
Adler-Apotheke;Bahnstraße 27;8720;Knittelfeld
Schutzengel-Apotheke;Breitenseer Straße 10;1140;Wien
Salvator-Apotheke Dr. Wrann - Apotheke in der Stadt;Regensburger Straße 17;3380;Pöchlarn
Apotheke Zur Maria Trost;Hasnerstraße 71;1160;Wien
Anstaltsapotheke Krankenhaus der Barmherzigen Schwestern Betriebsges.m.b.H.;Stumpergasse 13;1060;Wien
Apotheke Hirtenberg;Leobersdorferstraße 3/3;2552;Hirtenberg
Apotheke Großweikersdorf;Hauptplatz 2;3701;Großweikersdorf
Lebenskraft Apotheke;Mariatrosterstraße 190;8044;Graz
Alte Kronen-Apotheke;Hauptplatz 13;2700;Wiener Neustadt
See-Apotheke;Georgsritterplatz 156;9872;Millstatt
Apotheke-Drogerie Zur Mariahilf;Hauptplatz 4;3443;Sieghartskirchen
Sonnenapotheke;Am Stampf 1;2493;Eggendorf
St. Wolfgang Apotheke;Markt 235;2880;Kirchberg/Wechsel
Hubertus-Apotheke;Ferdinand-Wiesinger-Straße 12;4600;Wels
Pegasus Apotheke Ampflwang;Ort 68;4843;Ampflwang
STERNapotheke;Bahnhofstraße 11;4600;Wels
Alpen-Apotheke Hinterglemm;Dorfstraße 374;5754;Hinterglemm
Alpen-Apotheke;Glemmtaler Landesstraße 23;5753;Saalbach
Antonius Apotheke;Itzlinger Hauptstraße 2A;5020;Salzburg
Apotheke Zum heiligen Michael;Marktstraße 87;5582;St. Michael
Apotheke Zur Mariahilf;Brückenstraße 7;5110;Oberndorf
Apotheke am Dorfplatz;Dorfplatz 60;5531;Eben
Apotheke & Drogerie Zur Mariahilf;Hauptplatz 15;8330;Feldbach
Glacis-Apotheke;Glacisstraße 31;8010;Graz
Michaeli Apotheke Gleinstätten;Gleinstätten 333/1;8443;Gleinstätten
Rebenland Apotheke;Arnfelser Straße 5;8463;Leutschach
Sonnen-Apotheke;Marktpassage 6;8724;Spielberg
Vulkanland Apotheke;Industriepark 11;8330;Feldbach
Niederndorfer Apotheke;Dorf 25;6342;Niederndorf
Solstein-Apotheke;Höttinger Au 73;6020;Innsbruck
Steinbock-Apotheke;Hauptstraße 444;6290;Mayrhofen
Katharinen-Apotheke;Platz 39;6870;Bezau
Apotheke Zum schwarzen Adler;Landstraßer Hauptstraße 60;1030;Wien
Krankenhausapotheke des Salzkammergut-Klinikums Bad Ischl;Dr.-Mayer-Straße 8 - 10;4820;Bad Ischl
Apotheke zum guten Hirten;Leonhardstraße 6;8010;Graz
Apotheke Wildschönau;Wildschönauer Straße 39/Niederau;6314;Wildschönau
Krankenhausapotheke Ordensklinikum Linz GmbH Elisabethinen;Fadingerstraße 1;4020;Linz
Apotheke im Fashion Outlet;Gewerbestraße 4/Top 40/41;7111;Parndorf
Schloßapotheke;Schloßgasse 29;7322;Lackenbach
Adler-Apotheke;Hauptstraße 4;9620;Hermagor
Apotheke Zum heiligen Josef;;9640;Kötschach-Mauthen 425
Apotheke & Drogerie zum Weißen Wolf;Hoher Platz 7;9400;Wolfsberg
Apotheke Brückl;Gewerbestraße 8;9371;Brückl
Apotheke Wayerfeld;Völkermarkter Straße 40;9300;St. Veit/Glan
Damian-Apotheke;Villacher Straße 391;9710;Feistritz
Elisabeth-Apotheke;Dietrichsteinerstraße 7;9583;Faak/See
Engel-Apotheke;Bahnhofstraße 3;9020;Klagenfurt
Anstaltsapotheke des Allgemeinen öffentlichen Krankenhauses der Barmherzigen Schwestern Ried Betriebsges.m.b.H.;Schloßberg 1;4910;Ried/Innkreis
Feschnig-Apotheke;Paracelsusgasse 16;9020;Klagenfurt
Fischl-Apotheke;Ebentaler Straße 57;9020;Klagenfurt
Flora-Apotheke;Badstubenweg 93;9500;Villach
Fürnitz-Apotheke;Oberrainerstraße 36;9586;Fürnitz
Hirschen-Apotheke;St. Ruprechter Straße 22;9020;Klagenfurt
Karawanken-Apotheke;Klagenfurter Straße 44;9170;Ferlach
Laurentius-Apotheke;Bahnhofstraße 63;9761;Greifenburg
Lind-Apotheke;Genotteallee 24;9500;Villach
Loretto Apotheke;Nr. 8;9433;St. Andrä/Lavanttal
Marien Apotheke;Maria Gailer Straße 36;9500;Villach
Paracelsus-Apotheke;10.-Oktober-Straße 14;9020;Klagenfurt
Paracelsus-Apotheke;Paracelsusstraße 2;9545;Radenthein
Apotheke Döbriach;Seestraße 3;9873;Döbriach
Sonnen Apotheke;Kärntner Straße 11;9500;Villach
Sonnen-Apotheke;Poststraße 16;9551;Bodensdorf
St. Georg-Apotheke;St. Veiter-Straße 34;9020;Klagenfurt
St. Leonhard-Apotheke;Ernst-Pliwa-Gasse 4;9500;Villach
Stadt-Apotheke;Hans-Wiegele-Straße 10;9100;Völkermarkt
Stadt-Apotheke;10.-Oktober-Straße 19;9560;Feldkirchen
Stadtapotheke;Marktstraße 3;6850;Dornbirn
Südring-Apotheke;Ebentaler Straße 149;9020;Klagenfurt
Tauern Apotheke;Villacher Straße 136;9800;Spittal/Drau
team santé activa apotheke;Klagenfurter Straße 35;9400;Wolfsberg
team santé barbara apotheke;Krankenhausstraße 16;9400;Wolfsberg
team santé obere apotheke;10.-Oktober-Straße 4;9500;Villach
Vitus-Apotheke;Hauptplatz 2;9300;St. Veit/Glan
Adler Apotheke;Holzplatz 1;3550;Langenlois
AKTIVAPOTHEKE;Hauptstraße 28;2326;Maria Lanzendorf
Anstaltsapotheke Universitätsklinikum Krems;Mitterweg 10;3500;Krems
Antonius-Apotheke;Raiffeisenplatz 2;3452;Heiligeneich
Apotheke Alpenland;F. Samwald-Straße 28;2630;Ternitz
Apotheke Zum heiligen Geist;Bahnhofstraße 2;3370;Ybbs/Donau
Apotheke Zum heiligen Geist;Hauptstraße 29B;3620;Spitz/Donau
Apotheke Zum heiligen Leopold;Holzplatz 8;2620;Neunkirchen
Apotheke Zum Heiligen Leopold;Hauptstraße 58;2452;Mannersdorf/Leithagebirge
Apotheke Zum hl. Hubertus;Brunnerstraße 43;3830;Waidhofen/Thaya
Apotheke Zum schwarzen Adler;Rathausplatz 62;3970;Weitra
Apotheke Gießhübl;Perchtoldsdorferstraße 5;2372;Gießhübl
Apotheke Zur heiligen Dreifaltigkeit;Hauptplatz 2;2870;Aspang
Apotheke Zur heiligen Dreifaltigkeit;Kirchengasse 5;2460;Bruck/Leitha
Apotheke Zur heiligen Gertrud;Hauptplatz 5;3571;Gars/Kamp
Apotheke Zur heiligen Margaretha;Hauptplatz 10;3920;Groß Gerungs
Apotheke Bad Erlach;Wiener Neustädter Straße 21;2822;Bad Erlach
Apotheke Eichgraben;Hauptstraße 61;3032;Eichgraben
Apotheke Ernstbrunn;Hauptplatz 2;2115;Ernstbrunn
Apotheke Lebensfreude;Manker Straße 48;3380;Pöchlarn
Apotheke Lebenskraft;Hüttendorf 189;2130;Mistelbach
Apotheke Mistelbach;Hauptplatz 36;2130;Mistelbach
Apotheke Poysdorf;Oberer Markt 4;2170;Poysdorf
Apotheke Prinzersdorf;Goldeggerstraße 8;3385;Prinzersdorf
Apotheke Purgstall;Ötscherlandstraße 16;3251;Purgstall
Apotheke St. Peter/Au;Betriebsgebiet West Nr. 5;3352;St. Peter/Au
Apotheke Strasshof;Arbeiterheimstraße 2;2231;Strasshof
Apotheke Waldstern;Hauptstraße 23;3003;Gablitz
Apotheke zum Eichkogel;Veltlinerstraße 4;2353;Guntramsdorf
Römer Apotheke Mautern;Baumgartnerstraße 1/2;3512;Mautern
Apotheke zum heiligen Leopold und Drogerie zur Muschel;Stadtplatz 8;3400;Klosterneuburg
Christophorus-Apotheke;Unterwagramer Straße 34B;3108;St. Pölten-Wagram
Danubia Apotheke;Tullner Straße 32;3423;St. Andrä Wördern
Die Blaue Apotheke;Hauptstraße 153;3400;Klosterneuburg-Kierling
Elias Apotheke;Reichsstraße 24A;3300;Amstetten
Elisabeth Apotheke;Hauptstraße 8;2650;Payerbach
Engel-Apotheke;Dr.-Karl-Renner-Platz 3;2514;Traiskirchen
Heiligen Geist-Apotheke;Hauptplatz 6;2500;Baden/Wien
Hubertus-Apotheke;Wr. Neustädter Straße 1;2601;Sollenau
Johannes-Apotheke;Mariazeller Straße 70;3160;Traisen
Kur-Apotheke;Badner Straße 12;2540;Bad Vöslau
Landschaftliche Apotheke zur heiligen Dreifaltigkeit;Hauptstraße 26;2000;Stockerau
Lindenapotheke Persenbeug;Nibelungenstraße 16;3680;Persenbeug
Marchfeldapotheke;Dr. Leopold Figl-Gasse 3;2232;Deutsch-Wagram
Mohren-Apotheke;Obere Landstraße 2;3500;Krems
Nikolausapotheke;Unterer Markt 17;3261;Steinakirchen/Forst
Panther-Apotheke;Josefstraße 37;3100;St. Pölten
Paracelsus-Apotheke;Schimmelgasse 2;2551;Enzesfeld-Lindabrunn
plus Apotheke;Eco Plus Park 4/Straße Nr. 4;2460;Bruck/Leitha
Stadtapotheke Eferding;Stadtplatz 15;4070;Eferding
Raffael-Apotheke;Kirchenplatz 10;2285;Leopoldsdorf/Marchfeld
Schloss-Apotheke;Unterer Markt 11;3631;Ottenschlag
Schneeberg-Apotheke;Wr. Neustädter Straße 3;2734;Puchberg
Sofien-Apotheke;Pottenbrunner Hauptstraße 65 - 67;3140;St. Pölten-Pottenbrunn
Sonnhof-Apotheke;Hauptplatz 8;2442;Unterwaltersdorf
St. Anna-Apotheke;Hauptplatz 20;2483;Ebreichsdorf
St. Georg Apotheke;St. Georgener Hauptstraße 117;3151;St. Georgen/Steinfeld
St. Richard-Apotheke;Korneuburger Straße 3;2102;Bisamberg
Stadt-Apotheke;Albrechtstraße 39;3400;Klosterneuburg
Stadt-Apotheke Zum heiligen Leopold;Kremser Straße 7;3730;Eggenburg
Stadt-Apotheke-Litschau (STAL);Stadtplatz 75;3874;Litschau
Apotheke Hart;Harter Südstraße 2;8075;Hart/Graz
Unsere Sonnenschein Apotheke;Industriestraße 12;2540;Bad Vöslau
Neue Stadt-Apotheke Zum grünen Kreuz;Stelzhamerplatz 8A;4910;Ried/Innkreis
Ötscherland-Apotheke;Im Markt 10;3292;Gaming
Apotheke vorm Lindwurm;Neuer Platz 9;9020;Klagenfurt
See-Apotheke;Hauptstraße 162;9201;Krumpendorf
Apotheke Zur heiligen Dreifaltigkeit;Hauptstraße 1;3021;Pressbaum
Schlossapotheke Ebergassing;Himberger Straße 2;2435;Ebergassing
team santé apotheke wieneu;Zentrum B11/Straße 3/Objekt 74;2355;Wiener Neudorf/IZ-NÖ-Süd
Alte Stadtapotheke;Stadtplatz 7;4400;Steyr
Alte Stadtapotheke;Hauptplatz 6;4910;Ried/Innkreis
Apotheke der Barmherzigen Brüder;Herrenstraße 33;4021;Linz
Apotheke Am Salzburger Tor;Salzburger Straße 1A;4840;Vöcklabruck
Apotheke Zum heiligen Benedikt;Marktplatz 14;4550;Kremsmünster
Apotheke Zum Heiligen Geist;Welser Straße 3;4643;Pettenbach
Apotheke Zum Heiligen Valentin;Valentin Zeileisstraße 25;4713;Gallspach
Apotheke Zum heiligen Wolfgang;Markt 54;5360;St. Wolfgang
Apotheke Zum schwarzen Adler;Stadtplatz 7;4840;Vöcklabruck
Apotheke Zum schwarzen Adler;Landstraße 16;4020;Linz
Apotheke Zur Heiligen Jungfrau;Marktplatz 4;4982;Obernberg/Inn
Apotheke am Volksgarten;Volksgartenstraße 26;4020;Linz
Apotheke Bindermichl;Am Bindermichl 32;4020;Linz
Apotheke Freindorf;Traunuferstraße 23;4052;Ansfelden
Apotheke Haid Center;Ikea Platz 8;4053;Haid
Apotheke im Baumhaus;Bundesstraße 112;4822;Bad Goisern
Apotheke im Welas Park;Ginzkeystraße 27;4600;Wels
Apotheke Kürnberg;Limesstraße 1;4060;Leonding
Apotheke Losenstein;Eisenstraße 101;4460;Losenstein
Apotheke Nord;Oberfeldstraße 95;4600;Wels
Apotheke Ottensheim;Hostauerstraße 87;4100;Ottensheim
Apotheke Puchheim;Puchheimer Straße 33;4800;Attnang-Puchheim
Apotheke Rizy Grieskirchen;Stadtplatz 28;4710;Grieskirchen
Apotheke Rizy Schlüßlberg;Handelspark 7;4707;Schlüßlberg
Apotheke Wegscheid;Helmholtzstraße 15;4020;Linz
Apotheke Wilhering;Gartenstraße 52;4073;Wilhering
Apotheke Zum Biber Weyer;Oberer Markt 8;3335;Weyer
Apotheke zum Kaiser Franz;Stadtplatz 37;5230;Mattighofen
Atrium-Apotheke;Salzburger Straße 27A;4690;Schwanenstadt
Blüten Apotheke;Trauner Straße 86;4050;Traun/Oedt
Buchberg Apotheke;Leondinger Straße 140;4060;Leonding
Cella-Apotheke;Marktplatz 28/3;4283;Bad Zell
Christophorus-Apotheke;Plus-Kauf-Straße 7/Plus-City;4061;Pasching
City Apotheke;Bahnhofplatz 3-6;4020;Linz
Delphin-Apotheke;Alfred Kubin-Straße 19;4780;Schärding
Donau Apotheke;Holzstraße 15;4020;Linz
Einhorn-Apotheke;Wiener Straße 53;4020;Linz
Emotion Apotheke;Einsteinstraße 3;4020;Linz
Esplanade-Apotheke;Esplanade 18;4820;Bad Ischl
Franziskus-Apotheke;Oberfeldstraße 54;4600;Wels
Hessenplatz-Apotheke;Schubertstraße 1;4020;Linz
Jaunitzbach-Apotheke;Etrichstraße 15;4240;Freistadt
Krankenhausapotheke des Kepler Universitätsklinikums;Krankenhausstraße 9;4021;Linz
Krankenhausapotheke Klinikum Wels-Grieskirchen;Grieskirchner Straße 42;4600;Wels
Land Apotheke Pinsdorf;Vöcklabrucker Straße 24;4812;Pinsdorf
Linden-Apotheke;Unionstraße 96;4020;Linz
Linden-Apotheke;Wimpassinger Straße 34;4600;Wels
Maximilianapotheke;Welser Straße 17;4060;Leonding
Mondseeland-Apotheke;Walter-Simmer-Straße 1A;5310;Mondsee
Neue Welt-Apotheke;Wiener Straße 168;4020;Linz
Prinz Eugen Apotheke;Prinz-Eugen-Straße 10B;4020;Linz
Rosenwind Apotheke;Anton-Bruckner-Straße 5;4863;Seewalchen/Attersee
Schutzengel-Apotheke;Eferdinger Straße 20;4600;Wels
Seering-Apotheke;Am Seering 1A;4880;St. Georgen/Attergau
Sonnen-Apotheke;Braunauer Straße 1;5230;Mattighofen
St. Georg Apotheke;Färbergasse 5;4222;St. Georgen/Gusen
Stadtapotheke Marchtrenk;Linzer Straße 58;4614;Marchtrenk
Steyregg Apotheke;Linzer Straße 16B;4221;Steyregg
Tassilo Apotheke;Gablonzerstraße 17;4550;Kremsmünster
Wasser-Apotheke;Hauptplatz 8;4020;Linz
Glück-Auf-Apotheke;Schießstattstraße 22;8700;Leoben
Adler-Apotheke;Freiheitsplatz 6;8790;Eisenerz
Aichfeld-Apotheke;Bahnhofstraße 24;8740;Zeltweg
Apotheke der Barmherzigen Brüder Zum Granatapfel;Annenstraße 4;8020;Graz
Anstaltsapotheke des Landeskrankenhauses - Universitätsklinikum Graz Steierm. Krankenanstalten Ges.m.b.H.;Auenbruggerplatz 52;8036;Graz
Anstaltsapotheke des LKH Hochsteiermark;Vordernberger Straße 42;8700;Leoben
Apotheke Zum Bergmann;Hauptstraße 11;8753;Fohnsdorf
Apotheke Zum Heiligen Petrus;St. Peter-Hauptstraße 45;8042;Graz
Apotheke Zum heiligen Schutzengel;Hauptplatz 17;8580;Köflach
Apotheke Zur Krone;;8552;Eibiswald 25
Apotheke Zur Mariahilf;Volksgartenstraße 20;8020;Graz
Apotheke Zur Mariahilf;Hauptplatz 2;8793;Trofaiach
Apotheke 8052;Lissäckerstraße 2;8052;Graz
Apotheke Fernitz;Schulgasse 1;8072;Fernitz
Apotheke Graz Shopping Nord;Wiener Straße 351;8051;Graz
Apotheke Hausmannstätten;St. Peter-Straße 6;8071;Hausmannstätten
Apotheke Kalsdorf;Hauptstraße 102;8401;Kalsdorf
Apotheke Krems;Grazer Vorstadt 152;8570;Voitsberg
Apotheke Kumberg;Grazer Straße 48i;8062;Kumberg
Apotheke LEND;Wiener Straße 19;8020;Graz
Kurapotheke Bad Hofgastein;Pyrkerstraße 5;5630;Bad-Hofgastein
Apotheke Zur St. Anna;Münzgrabenstraße 3;8010;Graz
Berg-Apotheke;Untere Berggasse 8 - 10;8680;Mürzzuschlag
Casa Medica Apotheke;Ragnitzstraße 16 (B. Linder-Weg 3);8047;Graz
Christophorus Apotheke;Frauentalerstraße 51;8530;Deutschlandsberg
Damian-Apotheke;Packerstraße 128;8501;Lieboch
Engel-Apotheke;Hauptplatz 41;8130;Frohnleiten
Europa-Apotheke;Wiener Straße 48;8605;Kapfenberg
Fischer-Apotheke;Bahnhofstraße 3;8112;Gratwein-Straßengel
Jakobus Apotheke;;8224;Kaindorf 370
Johannes Apotheke;Ringstraße 78;8344;Bad Gleichenberg
Johannes Apotheke;Triester Straße 32;8073;Feldkirchen
Johannes Apotheke;Packer Straße 69;8580;Köflach
Kalvarien-Apotheke;Augasse 77;8051;Graz
Kurapotheke Bad Aussee;Oppauer Platz 104;8990;Bad Aussee
Landschaftsapotheke;Hauptplatz 5;8750;Judenburg
Lebensart Apotheke;Hauptstraße 6;8502;Lannach
Löwen-Apotheke;Ausseer Straße 16;8940;Liezen
Mariahilf Apotheke;Hauptstraße 14A;8472;Straß
Marien-Apotheke;Hauptstraße 33;8063;Eggersdorf
Mohren-Apotheke;Südtiroler Platz 7;8020;Graz
Murapotheke;Römerstraße 30;8130;Frohnleiten
Opernapotheke;Opernring 24;8010;Graz
Paracelsus-Apotheke;Ressavarstraße 48;8230;Hartberg
pureté Apotheke;;8511;St. Stefan/Stainz 17
Pölstal Apotheke;Marktplatz 18;8761;Pöls
Regenbogen-Apotheke;Weblinger Gürtel 25/Im Center West;8054;Graz
Rosenapotheke;Peter Tunner-Gasse 34;8020;Graz
Salvator Apotheke;Keltensiedlung 141;8850;Murau
Salvator Apotheke;Koloman Wallisch-Platz 2;8600;Bruck/Mur
Schlossapotheke;Eggenberger Allee 44;8020;Graz
Schönau Apotheke;Schönaugasse 106;8010;Graz
St.-Josef-Apotheke;Hauptplatz 10;8350;Fehring
Stadt-Apotheke;Hauptstraße 38;8786;Rottenmann
Stadt-Apotheke;Burggasse 32;8750;Judenburg
Stadtapotheke-Liezen;Salzburger Straße 1/Einkaufszentrum ELI Liezen;8940;Liezen
Stifts-Apotheke;;8911;Admont 1
Sulmtal-Apotheke;Grazer Straße 100;8430;Kaindorf/Sulm
Theodor-Körner-Apotheke;Theodor-Körner-Straße 69;8010;Graz
Waasen-Apotheke;Waasenstraße 10;8700;Leoben
Aeskulap-Apotheke;Kardinal-Nagl-Platz 1;1030;Wien
Anstaltsapotheke der Veterinärmedizinischen Universität;Veterinärplatz 1;1210;Wien
Anstaltsapotheke des Franziskus Spitals;Nikolsdorfer Gasse 26 - 36;1050;Wien
Apotheke Zum Einhorn;Margaretenstraße 31;1040;Wien
Apotheke Zum Schutzengel;Gentzgasse 26;1180;Wien
Apotheke am Schuhmeierplatz;Schuhmeierplatz 14;1160;Wien
Apotheke Weinhaus;Kreuzgasse 81;1180;Wien
Cottage Apotheke;Hasenauerstraße 1;1180;Wien
Radetzky-Apotheke;Radetzkyplatz 4;1030;Wien
Rosen-Apotheke;Brünner Straße 37;1210;Wien
St. Rochus-Apotheke;Landstraßer Hauptstraße 50;1030;Wien
team santé apotheke schwenk Zum hl. Johann v. Nepomuk;Schönbrunner Straße 259;1120;Wien
team santé germania apotheke;Hütteldorfer Straße 76;1150;Wien
Theresienapotheke;Kreuzgasse 6;1180;Wien
Apotheke Am Montfortplatz;Bundesstraße 48;6923;Lauterach
Apotheke Bludenz Stadt;Werdenbergerstraße 24 - 26;6700;Bludenz
Apotheke Sonnenberg;Sonnenbergstraße 7;6714;Nüziders
Brücken Apotheke;Rheinstraße 107;6900;Bregenz
Columban Apotheke;Gerbe 23;6863;Egg/Bregenzerwald
Hofsteig-Apotheke;Bützestraße 9;6922;Wolfurt
Nibelungen Apotheke;Kaulbachstraße 5;6845;Hohenems
Rhein-Apotheke;Kirchplatz 4;6973;Höchst
Rheintal Apotheke;Hofsteigstraße 1;6890;Lustenau
Sebastian-Apotheke;Kapfstraße 5;6800;Feldkirch
St. Jakob-Apotheke;Hauptstraße 5A;6719;Bludesch
Stadt-Apotheke;Kirchstraße 7;6900;Bregenz
Wälder-Apotheke;Hof 272;6951;Lingenau
Anstaltsapotheke des Kardinal Schwarzenberg Klinikum;Kardinal Schwarzenberg Platz 1;5620;Schwarzach/Pongau
Apotheke Zum goldenen Engel;Hauptstraße 18;5202;Neumarkt/Wallersee
Apotheke Zum heiligen Georg;Dorfstraße 33;5101;Bergheim
Apotheke Zur Gemse;Markt 43;5440;Golling/Salzach
Apotheke Großarl;Unterbergstraße 74;5611;Großarl
Apotheke Hof;Wolfgangseestraße 18;5322;Hof/Salzburg
Apotheke Oberalm;Halleiner Landesstraße 34;5411;Oberalm
Apotheke Wals;Walserfeldstraße 36;5071;Wals
Apotheke zum Lebensbaum;Berchtesgadner Straße 35B;5020;Salzburg
Apotheke zur Sonnenterrasse;Salzburgerstraße 51;5620;Schwarzach/Pongau
Apotheke-Piesendorf;Dorfstraße 4;5721;Piesendorf
Bahnhof-Apotheke;Karl Wurmb-Straße 2;5020;Salzburg
Barbara-Apotheke;Wiener Bundesstraße 5A;5300;Hallwang-Mayrwies
Burgfried-Apotheke;Davisstraße 2A;5400;Hallein
Bären-Apotheke;Zeller Straße 9;5671;Bruck/Glocknerstraße
Die Apotheke;Kirchenstraße 18;5301;Eugendorf
Helios-Apotheke;Dorfstraße 1;5161;Elixhausen
Herz Apotheke;Fürbergstraße 18 - 20;5020;Salzburg
Iris Apotheke;Mühlbachstraße 23;5201;Seekirchen
Kristall Apotheke;Sportstraße 331;5733;Bramberg
Naturpark Apotheke;Aigner Straße 78;5026;Salzburg
Nautilus-Apotheke;Gemeindeweg 2;5061;Elsbethen-Glasenbach
Paracelsus Apotheke;Münchner Bundesstraße 17;5020;Salzburg
Salus-Apotheke;Handelsstraße 4;5162;Obertrum
St. Erhard Apotheke;Petersbrunnstraße 13;5020;Salzburg
St.-Rupertus-Apotheke;Lofer 310;5090;Lofer
Stadtapotheke Hallein;Bayrhamerplatz 7;5400;Hallein
Stadtapotheke Radstadt;Ernest-Thungasse 2;5550;Radstadt
Untersberg-Apotheke;Marktstraße 19;5082;Grödig
Virgil-Apotheke;Gabelsbergerstraße 7 - 9;5020;Salzburg
Simmering-Apotheke;Siedlungsstraße 10;6425;Haiming
Apotheke Zum Großen Gott;Schneeburggasse 71B;6020;Innsbruck
Apotheke im DEZ;Amraser-See-Straße 56A;6020;Innsbruck
Apotheke im Ärztehaus;Marktplatz 7;6410;Telfs
Apotheke Kolsass;Florian-Waldauf-Straße 1;6114;Kolsass
Apotheke Weerberg;Mitterberg 111;6133;Weerberg
Apotheke Weer;Dorfstraße 38;6116;Weer
Apotheke Westendorf;Dorfstraße 15;6363;Westendorf
Apotheke zur Serles;Schmelzgasse 2;6142;Mieders
Bahnhof-Apotheke;Südtiroler Platz 5 - 7;6020;Innsbruck
Barbara-Apotheke;Hermine Berghofer-Straße 12;6130;Schwaz
Brixental-Apotheke;Brixentaler Straße 4;6361;Hopfgarten
Burggrafen-Apotheke;Gumppstraße 45;6023;Innsbruck
Dolomiten-Apotheke;Glocknerstraße 20B;9990;Nußdorf-Debant
Dreifaltigkeits-Apotheke;Defreggerstraße 28;6020;Innsbruck
Edelweiß-Apotheke;Hauptstraße 50;6433;Ötz
Engel-Apotheke;Bahnhofstraße 1;6410;Telfs
Haller Lend Apotheke;Brockenweg 2;6060;Hall/Tirol
Johannes-Apotheke;Dechant-Wieshofer-Straße 25;6380;St. Johann/Tirol
Kronburg Apotheke;Hauptplatz 2;6511;Zams
Laurentius-Apotheke;Langgasse 78B;6460;Imst
Lohbach-Apotheke;Technikerstraße 3;6020;Innsbruck
Löwen-Apotheke;Innrain 103;6020;Innsbruck
Marien-Apotheke;Rathausplatz 3;6150;Steinach
Michaelis-Apotheke;Dr.-Bachmann-Straße 27;6250;Kundl
Prinz Eugen Apotheke;Prinz-Eugen-Straße 70;6020;Innsbruck
Reichenauer-Apotheke;Gutshofweg 2;6020;Innsbruck
Romedius-Apotheke;Dorfplatz 4;6065;Thaur
Sonnen-Apotheke;Obermieming 185;6414;Mieming
St. Georgen Apotheke;Karl-Schönherr-Straße 10;6410;Telfs
St. Magdalena Apotheke;Unterer Stadtplatz;6060;Hall/Tirol
Stadt-Apotheke;Dr.-Pfeiffenberger-Straße 22;6460;Imst
Stadt-Apotheke Zur Mariahilf;Malser Straße 18;6500;Landeck
Stadt-Apotheke Kitzbühel;Vorderstadt 15;6370;Kitzbühel
Stamser-Apotheke;Höttingergasse 45;6020;Innsbruck
Stubaital-Apotheke;Waldrasterstraße 12;6166;Fulpmes
Südtiroler-Apotheke;Südtiroler Straße 1;6600;Reutte
Tauern-Apotheke;Tauerntalstraße 5;9971;Matrei in Osttirol
Wipptal-Apotheke;Hauptstraße 65;6143;Matrei/Brenner
Panther-Apotheke;Stadt-Zug-Platz 5;8280;Fürstenfeld
Thermen Apotheke;;8271;Bad Waltersdorf 6
Apotheke Zum schwarzen Adler;Hauptstraße 54;7331;Weppersdorf
Apotheke Zur heiligen Margarete;Hauptstraße Nr. 17;7442;Lockenhaus
Kloster-Apotheke;Hauptstraße 34;7021;Baumgarten
Nord-Apotheke;St. Veiter Straße 109;9020;Klagenfurt
St.-Georg-Apotheke;Dörferstraße 2;6064;Rum
Apotheke Zum Granatapfel der Barmherzigen Brüder;Esterházystraße 26;7000;Eisenstadt
Anstaltsapotheke des A. ö. Krankenhaus der Elisabethinen;Völkermarkter Straße 15 - 19;9020;Klagenfurt
Anstaltsapotheke des Klinikum-Klagenfurt am Wörthersee;Feschnigstraße 11;9020;Klagenfurt
Bahnhof-Apotheke;Bahnhofplatz 5;2460;Bruckneudorf
Elisabeth-Apotheke;Obere Hauptstraße 24;7142;Illmitz
Passage-Apotheke;Hauptstraße 68;7201;Neudörfl/Leitha
Kreis-Apotheke Zum schwarzen Adler;Hauptplatz 26 - 27;2100;Korneuburg
Krankenhausapotheke des Kepler Universitätsklinikums;Wagner-Jauregg-Weg 15;4021;Linz
Apotheke Himmelreich;Fachmarktstraße 1;5073;Wals-Himmelreich
Obir-Apotheke;Baumbachplatz 21;9020;Klagenfurt
Purpur-Apotheke;Radegunderstraße 47;8045;Graz
Beneficium Kreuzbergl Apotheke;Radetzkystraße 20;9020;Klagenfurt
Gersthofer Apotheke;Gersthofer Straße 61;1180;Wien
Burg-Apotheke;Hauptplatz 15;9112;Griffen
Engel-Apotheke;Hauptstraße 33;9341;Straßburg
Pielachtal Apotheke zum heiligen Georg;Mariazeller Straße 13/5;3202;Hofstetten
Apotheke des Landesklinikums Mistelbach-Gänserndorf;Liechtensteinstraße 67;2130;Mistelbach
Kronen-Apotheke;Babenbergerstraße 11;3180;Lilienfeld
Uni-Apotheke;Universitätsstraße 23;9020;Klagenfurt
Landschafts-Apotheke;Rathausplatz 10;3390;Melk
Salvator Apotheke;Wiener Straße 2;2340;Mödling
Apotheke Lerchenfeld;Lerchenfelder Platz 12;3500;Krems-Lerchenfeld
Apotheke Rosenau;Waidhofnerstraße 43;3332;Rosenau/Sonntagberg
Apotheke an der Eisenstraße;1. Straße 16;3331;Kematen/Ybbs
Sonnen-Apotheke;Franckstraße 36;4020;Linz
Marien-Apotheke;Schleife 11;6830;Rankweil
Apotheke Stainz;Hauptplatz 8;8510;Stainz
Apotheke Zum schwarzen Adler;Rathausplatz 3;2273;Hohenau
Riedberg-Apotheke;Schärdingerstraße 38;4910;Ried/Innkreis
Sonnen-Apotheke;Welser Straße 6;4623;Gunskirchen
Anstaltsapotheke des Krankenhauses der Elisabethinen GMBH;Elisabethinergasse 14;8020;Graz
Heiligen-Geist-Apotheke;Hauptplatz 9;9853;Gmünd
Edelweiß-Apotheke;Obere Marktstraße 4;4822;Bad Goisern/Hallstättersee
Lindenapotheke;Andreas Thalhammer Straße 17;5204;Straßwalchen
Herz-Jesu-Apotheke;Nibelungengasse 26;8010;Graz
Schloß-Apotheke;Salzachtalbundesstraße 4;5081;Anif
St. Hubertus-Apotheke;Hauptstraße 25;2603;Felixdorf
Johannes-Apotheke;Innsbrucker Straße 40;6094;Axams
Apotheke Zum Weissen Storch;Tuchlauben 9;1010;Wien
Vitalis Apotheke;Durchlaßstraße 4;9020;Klagenfurt
Apotheke zum goldenen Engel;Griesgasse 12;8020;Graz
Veritas Apotheke;Am Weinberg 5;4845;Rutzenmoos
Favorita-Apotheke;Favoritenstraße 213;1100;Wien
A1. Autobahnapotheke;Lambacherstraße 32;4655;Vorchdorf
Marien-Apotheke;Rückertgasse 26;1160;Wien
Obere Stadt-Apotheke;Georg Pirmoser-Straße 5;6330;Kufstein
Apotheke Maria Anzbach;Hauptstraße 60;3034;Maria Anzbach
Apotheke Mühlau;Anton-Rauch-Straße 6;6020;Innsbruck
Ötztal-Apotheke;Gemeindestraße 1;6450;Sölden
Apotheke in Wieselburg;Bahnhofstraße 11;3250;Wieselburg
Helios Apotheke Graz;Lauzilgasse 21;8020;Graz
Apotheke und Drogerie zum Mohren;Langgasse 24;8490;Bad Radkersburg
kurapotheke Laßnitzhöhe;Hauptstraße 66;8301;Laßnitzhöhe
Rosenegg-Apotheke;Aulandweg 2A;6706;Bürs
Apotheke Am Mitterweg;Mitterweg 58A;6020;Innsbruck
St. Josef Apotheke;Andritzer Reichsstraße 52;8045;Graz
Apotheke im Hatlerdorf;Hatlerstraße 25;6850;Dornbirn
Apotheke Leonhofen;Hauptplatz 14;3243;St. Leonhard/Forst
Die Ruster Apotheke;Oggauerstraße 22;7071;Rust
Apotheke an der Kettenbrücke;Kettenbrückengasse 23;1050;Wien
Agnes-Apotheke;Jerusalemgasse 30;1210;Wien
Salvia Apotheke;H. Firnberg-Straße 10/Wienerberg City;1100;Wien
Lebenskreis Apotheke;Tischlerstraße 15;8740;Zeltweg
St. Nikolaus-Apotheke;Marktplatz 26;4170;Haslach
Apotheke Zum guten Hirten;Praterstraße 32;1020;Wien
Falken-Apotheke;Wilhelminenstraße 76;1160;Wien
Moosburg Apotheke;Feldkirchner Straße 2;9062;Moosburg
Apotheke Neuhart;Kärntner Straße 152;8053;Graz
Apotheke Heiliger Joseph;Schönbrunner Straße 194 - 196 (Rechte Wienzeile 207/Top 3);1120;Wien
Activ Apotheke;Pfarrgasse 11;2512;Tribuswinkel
Neutor Apotheke;Neutorgasse 57;8010;Graz
Wienertor-Apotheke;Untere Landstraße 56;3500;Krems
Apotheke Seefeld;Münchner Straße 445;6100;Seefeld
Stadt-Apotheke;Dr. Knechtlstraße 28;4050;Traun
See-Apotheke;Heimgartstraße 5;6971;Hard
Maria-Treu-Apotheke;Josefstädter Straße 68;1080;Wien
Christopherus-Apotheke;Rohrbach 47;6850;Dornbirn
Raphael-Apotheke;Hans-Schmid-Platz 1;5020;Salzburg
Aeskulap-Apotheke;Mühlgasse 1;2511;Pfaffstätten
Rotenhof Apotheke;Rotenhofgasse 70;1100;Wien
Apotheke Atzgersdorf;Levasseurgasse 2 (Breitenfurter Straße)/Atzgersdorf;1230;Wien
Krankenhausapotheke des Salzkammergut-Klinikums Vöcklabruck;Dr. W. Bock-Straße 1;4840;Vöcklabruck
Stadtapotheke;Hauptplatz 17;2410;Hainburg
Heiligen-Geist-Apotheke;Anton Plochberger Straße 2/EKZ HEY! Steyr;4400;Steyr
Landschafts-Apotheke;Wiener Straße 5;2320;Schwechat
Apotheke Zum heiligen Paulus;Steinbauergasse 15;1120;Wien
Bahnhof Apotheke Graz;Keplerstraße 112;8020;Graz
Apotheke Zum rothen Krebs;Hoher Markt 1;1010;Wien
Borromäus Apotheke;Gaisbergstraße 20;5020;Salzburg
Stadtapotheke Gloggnitz;Hauptstraße 29;2640;Gloggnitz
Apotheke zur Kaiserkrone;Mariahilfer Straße 110;1070;Wien
Apotheke Altlengbach;Altlengbach 8;3033;Altlengbach
Per Albin Hansson-Apotheke;Favoritenstraße 239/Top 1A/Hansson-Zentrum;1100;Wien
Klimt Apotheke;Hetzendorfer Straße 75A;1120;Wien
St.-Josef-Apotheke;Conrad v. Hötzendorfstraße 6;8570;Voitsberg
Achensee Apotheke;Achenseestraße 69;6200;Jenbach
Urbani Apotheke;Untere Hauptstraße 391;8462;Gamlitz
Apotheke am Inn;Bahnhofstraße 37B;6170;Zirl
Neustadt-Apotheke;Sparkassenstraße 8;5280;Braunau/Inn
Apotheke Zum Einsiedler;Arbeitergasse 22;1050;Wien
Apotheke Maria vom Siege;Mariahilfer Straße 154;1150;Wien
Salvator Apotheke;Mirabellplatz 5;5020;Salzburg
Lebens-Apotheke Raab;Hauptstraße 22;4760;Raab
St. Georg-Apotheke;Kagraner Platz 1 - 4;1220;Wien
Löwen-Apotheke;Gasteiner Straße 44;5500;Bischofshofen
Michael Apotheke;Kärntnerstraße 1;8770;St. Michael
Marien-Apotheke;Dörferstraße 43;6067;Absam
Hirschen-Apotheke;Hauptplatz 5;8530;Deutschlandsberg
Apotheke zum hl. Josef Mag.pharm. Otto Waigner;Stadtplatz 4;2136;Laa/Thaya
Apotheke zum Weinberg;Grinzinger Straße 83;1190;Wien
Nationalpark-Apotheke Molln;Marktstraße 6;4591;Molln
Beethoven-Apotheke;Heiligenstädter Straße 82;1190;Wien
St. Christophorus Apotheke;Dr.-Schober-Straße 14 - 18;1130;Wien
Christophorus-Apotheke;Linzer Straße 16;4070;Eferding
St.-Stephan-Apotheke;Kirchplatz 13;6112;Wattens
Herminen-Apotheke;Webergasse 1;1200;Wien
Johannes Apotheke;Wagnerweg 2;4203;Altenberg
St. Michael-Apotheke;Hauptstraße 20;4770;Andorf
Apotheke in der Josefstadt Zur heiligen Johanna;Florianigasse 13;1080;Wien
Apotheke Traisenpark;Dr. Adolf-Schärf-Straße 5;3107;St. Pölten-Viehofen
Bernhard Apotheke;Landstraße 1;8641;St. Marein/Mürztal
Apotheke Walding;Rohrbacher Straße 1;4111;Walding
Rosen-Apotheke;Jochberger Straße 5;6370;Kitzbühel
Apotheke Ebenthal;St. Jakober-Straße 1;9065;Klagenfurt-Ebenthal
Apotheke Wernberg;Industriestraße 1;9241;Wernberg
Anstaltsapotheke Landesklinikum Wiener Neustadt;Erwin Schrödinger-Straße 4;2700;Wiener Neustadt
Gnigler Apotheke;Linzer Bundesstraße 30A;5023;Salzburg
Mariahilf Apotheke;Poschacherstraße 2;4310;Mauthausen
Apotheke Zum Mohren;Schloßplatz 1;7350;Oberpullendorf
Apotheke Aurora;Engerthstraße 52;1200;Wien
Kurapotheke Bad Mitterndorf;Bad Mitterndorf 284;8983;Bad Mitterndorf
Rennbahn-Apotheke;Rennbahnweg 27/Lokal 14;1220;Wien
Engel-Apotheke;Bahnhofstraße 17;9500;Villach
Apotheke Diemlach;Grazer Straße 79;8605;Kapfenberg-Diemlach
Apotheke Landskron;Ossiacher Straße 34;9523;Landskron
St. Leonhard Apotheke;Kuenburgstraße 9;5580;Tamsweg
Raphael Donner Apotheke;Eßlinger Hauptstraße 84 - 86;1220;Wien
Gasometer-Apotheke;Guglgasse 6/Gasometer A;1110;Wien
Cyta-Apotheke;Cytastraße 1;6176;Völs
Apotheke am Naschmarkt;Linke Wienzeile 20;1060;Wien
Nica Apotheke;Krankenhausstraße 1;4020;Linz
Josefee-Apotheke;Franz-Josef-Straße 7;8700;Leoben
Landapotheke;Kirchbacherstraße 5;8431;Gralla
Apotheke Zum heiligen Petrus;Münchner Bundesstraße 116;5020;Salzburg
Rathaus-Apotheke;Rathausplatz 13;3400;Klosterneuburg
Marien-Apotheke;Wolfganger Straße 7;4820;Bad Ischl
Merkur-Apotheke;Am Spitz 5;2620;Neunkirchen
Schutzengel Apotheke Linz;Herrenstraße 2;4020;Linz
Steinbock Apotheke;Hans-Sachs-Straße 80;4600;Wels
Schloß-Apotheke;Hauptstraße 13;2542;Kottingbrunn
Einhorn-Apotheke;Plobergerstraße 7;4600;Wels
Folaris Apotheke;Goethestraße 12;4614;Marchtrenk
Apotheke Zur heiligen Maria;Hauptplatz 11;3240;Mank
Apotheke  zur Mariahilf;Hauptplatz 29;8820;Neumarkt
Hibiskus Apotheke;Kellerstraße 5;2054;Haugsdorf
Apotheke Zu unserer lieben Frau bei den Schotten;Freyung 7;1010;Wien
See-Apotheke;Theatergasse 3;4810;Gmunden
Bären-Apotheke;Taborstraße 26;1020;Wien
Segen Gottes-Apotheke;Boerhaavegasse 7;1030;Wien
Bahnhof-Apotheke;Julius-Tandler-Platz 10;1090;Wien
St. Lucas-Apotheke;Penzinger Straße 99;1140;Wien
Richard-Wagner-Apotheke;Thaliastraße 62;1160;Wien
Marien-Apotheke;Martinstraße 93;1180;Wien
Severinus Apotheke;Sieveringer Straße 1;1190;Wien
Allerheiligen-Apotheke;Allerheiligenplatz 4;1200;Wien
Apotheke Zur Blauen Donau;Floridsdorfer Hauptstraße 20;1210;Wien
Amandus-Apotheke;Ortsstraße 101 (Jordanstraße);2331;Vösendorf
Rotunden-Apotheke;Ausstellungsstraße 53;1020;Wien
Vital Apotheke;Maximilian Pagl Straße 22;4651;Stadl-Paura
team santé paulus apotheke;Landstraßer Hauptstraße 171;1030;Wien
Schwan-Apotheke;Lessinggasse 23;1020;Wien
Apotheke Zum goldenen Hirschen;Kohlmarkt 11;1010;Wien
Kaiser-Josef-Apotheke;Alser Straße 51;1080;Wien
Heilfried-Apotheke;Van-der-Nüll-Gasse 110;1100;Wien
San Vito Apotheke;Einsiedeleigasse 10;1130;Wien
Apotheke Zum Erzengel Michael;Sechshauser Straße 16;1150;Wien
Apotheke Zur heiligen Elisabeth;Klosterneuburger Straße 75;1200;Wien
Millennium-Apotheke;Handelskai 94 - 96;1200;Wien
CITYGATE Apotheke;Wagramer Straße 195/47;1210;Wien
Apotheke Zur Mariahilf;Triester Straße 128/Inzersdorf;1230;Wien
Stern-Apotheke;Favoritenstraße 25;1040;Wien
Maria Schutz Apotheke;Reinprechtsdorfer Straße 2;1050;Wien
Apotheke zur goldenen Rose;Neubaugasse 37;1070;Wien
Salvator-Apotheke;Zimmermannplatz 1;1090;Wien
Auge Gottes-Apotheke;Nußdorfer Straße 79;1090;Wien
Apotheke am Lainzer Platz;Lainzer Straße 139;1130;Wien
Flötzersteig-Apotheke;Staargasse 28 (Achtundvierzigerplatz);1140;Wien
Wilhelminen-Apotheke;Ottakringer Straße 176;1160;Wien
Apotheke Alte Remise;Maroltingergasse 53;1160;Wien
Apotheke Donaustadt;Gewerbeparkstraße 2/2;1220;Wien
Apotheke Zur Kaisermühle;Am Kaisermühlendamm 87;1220;Wien
Apotheke Zur Mariahilf;Perchtoldsdorfer Straße 5/Liesing;1230;Wien
Stadtapotheke am Hauptplatz;Hauptplatz 23;2320;Schwechat
Drei Löwen Apotheke;Wiener Straße 98;2345;Brunn/Gebirge
Erzherzog Karl Apotheke;Ennsgasse 23;1020;Wien
Erdberg - Apotheke;Schlachthausgasse 11;1030;Wien
Apotheke Am Fuchsenfeld;Längenfeldgasse 33;1120;Wien
Belladonna-Apotheke;Linzer Straße 383;1140;Wien
Apotheke Zur heiligen Corona;Sechshauser Straße 104;1150;Wien
Apotheke Zur heiligen Brigitta;Wallensteinplatz 2;1200;Wien
Mariahilf-Apotheke;Brünner Straße 128;1210;Wien
Apotheke Zum Heiligen Augustin;Marktplatz 12;2380;Perchtoldsdorf
Franzensbrücken-Apotheke;Franzensbrückenstraße 17;1020;Wien
Neuling-Apotheke;Ungargasse 51;1030;Wien
Apotheke am Spittelberg;Stiftgasse 23;1070;Wien
Alte Löwen-Apotheke;Josefstädter Straße 25;1080;Wien
Trost-Apotheke;Neilreichgasse 66;1100;Wien
Ludwigs-Apotheke;Simmeringer Hauptstraße 128;1110;Wien
Apotheke Zur heiligen Anna;Neubaugürtel 19;1150;Wien
Fortuna Apotheke;Weinberggasse 71;1190;Wien
Leonhardus-Apotheke;Höchstädtplatz 1;1200;Wien
Paracelsus-Apotheke;Speisinger Straße 260/Mauer;1230;Wien
Meine Apotheke;Breitenfurter Straße 365;1230;Wien
Graben-Apotheke Zum schwarzen Bären;Graben 7;1010;Wien
Antonius-Apotheke;Arthaberplatz 17;1100;Wien
Apotheke Am Wienerfeld;Laxenburger Straße 203;1100;Wien
Apotheke zum lachenden Pinguin;Hohenbergstraße 11;1120;Wien
Apotheke an der Wien;Hietzinger Kai 143;1130;Wien
Dreifaltigkeits-Apotheke;Mariahilfer Straße 195;1150;Wien
Krim-Apotheke;Krottenbachstraße 62;1190;Wien
Engelshof-Apotheke;Leystraße 19 - 21;1200;Wien
C21 apotheke;Prager Straße 286;1210;Wien
Vital Apotheke;Gatterederstraße 9;1230;Wien
Lotos-Apotheke;Wittelsbachstraße 4;1020;Wien
Quellen-Apotheke;Quellenstraße 45;1100;Wien
Wienerberg-Apotheke;Tesarekplatz 1;1100;Wien
Apotheke Zur heiligen Elisabeth;Landwehrstraße 6;1110;Wien
Apotheke Meidling;Albrechtsbergergasse 13 (Niederhofstraße);1120;Wien
Apotheke zum Papst;Neulerchenfelder Straße 4;1160;Wien
Herbst-Apotheke;Herbststraße 99;1160;Wien
Sonnen-Apotheke;Pötzleinsdorfer Straße 13;1180;Wien
Apotheke Zwischenbrücken;Dresdner Straße 128;1200;Wien
Apotheke Zum guten Hirten;Ketzergasse 41/Siebenhirten;1230;Wien
Apotheke im Kräutergarten;Plättenstraße 7 - 9;2380;Perchtoldsdorf
Anstaltsapotheke des Allgemeinen österreichischen Krankenhauses;Dornburggasse 80;7400;Oberwart
Werdertor-Apotheke;Werdertorgasse 5;1010;Wien
Apotheke am Handelskai;Handelskai 130;1020;Wien
Haydn-Apotheke;Margaretengürtel 98;1050;Wien
Welt-Apotheke;Lerchenfelder Straße 122;1080;Wien
Elisabeth-Apotheke;Favoritenstraße 76B;1100;Wien
Apotheke Zum schwarzen Adler;Simmeringer Hauptstraße 44;1110;Wien
St. Anna Apotheke;Meidlinger Hauptstraße 86;1120;Wien
Westend-Apotheke;Hietzinger Hauptstraße 64;1130;Wien
Antonius-Apotheke;Stillfriedplatz 4;1160;Wien
Billroth-Apotheke;Billrothstraße 39;1190;Wien
Nordrand-Apotheke;Gerasdorfer Straße 332;1210;Wien
Kristall-Apotheke;Ketzergasse 97;1230;Wien
Wienerwald-Apotheke;Hauptstraße 151 - 153;2384;Breitenfurt
Wallhof-Apotheke;Brauhausstraße 66;2324;Rannersdorf
Urania-Apotheke;Stubenring 2;1010;Wien
Apotheke Zum Patriarchen;Blumauergasse 15;1020;Wien
Herz-Jesu-Apotheke;Wiedner Hauptstraße 95;1050;Wien
Apotheke Zum weißen Hirschen;Westbahnstraße 32;1070;Wien
Apotheke Zur Austria;Währinger Straße 18;1090;Wien
Vita-Apotheke;Laaer Berg-Straße 43;1100;Wien
Regenbogenapotheke Am Leberberg;Etrichstraße 34 (Mühlsangergasse 44);1110;Wien
Apotheke St. Veit;Auhofstraße 141;1130;Wien
Apotheke Baumgarten;Linzer Straße 316;1140;Wien
Stern-Apotheke;Ottakringer Straße 39;1160;Wien
Armonia Apotheke;Vollbadgasse 1A;1170;Wien
Humanitas-Apotheke;Jedleseer Straße 66/94;1210;Wien
Vital Apotheke Strebersdorf;Prager Straße 276 (Rußbergstraße);1210;Wien
St. Nikolaus-Apotheke;Kolbegasse 44 - 46;1230;Wien
Brady-Apotheke Zum roten Turm;Rotenturmstraße 23;1010;Wien
Schlangen-Apotheke;Hollandstraße 15;1020;Wien
Apotheke Zum heiligen Florian;Wiedner Hauptstraße 60;1040;Wien
Mariatroster-Apotheke Zum Hl. Ulrich;Burggasse 22;1070;Wien
Kur-Apotheke Oberlaa;Kurbadstraße 14;1100;Wien
Apotheke Zur Spinnerin am Kreuz;Wienerbergstraße 6;1100;Wien
Sonnschein-Apotheke;Witzelsbergergasse 26 - 28;1150;Wien
Alsegger-Apotheke;Herbeckstraße 31 (Alseggerstraße);1180;Wien
Danubia-Apotheke;Rußbergstraße 64;1210;Wien
Apotheke 21;Kürschnergasse 1A;1210;Wien
SCN-Apotheke;Ignaz Köck-Straße 1 - 7/Top 110;1210;Wien
Apotheke Regenwald;Wagramer Straße 81/134 (Siebeckstraße 7);1220;Wien
Apotheke Rodaun;Ketzergasse 368;1230;Wien
Prater Apotheke;Ausstellungsstraße 13;1020;Wien
Mohren-Apotheke;Wipplinger Straße 12;1010;Wien
Opern Apotheke;Kärntner Straße 53 - 55;1010;Wien
Floridus-Apotheke;Autokaderstraße 3/Ladenzeile Obj. 1A;1210;Wien
Heilborn-Apotheke;Europaplatz 1;1150;Wien
St. Hubertus-Apotheke Kaisermühlen;Schüttaustraße 54;1220;Wien
Ennsfeld Apotheke;Ennsfeldstraße 11;4030;Linz
Paracelsus-Apotheke;Raintal 2;5340;St. Gilgen
Columbus-Apotheke;Bauerstraße 15/Vogelfängerweg;4030;Linz
Herz Jesu Apotheke & Parfümerie;Domplatz 9;6800;Feldkirch
Petrus-Apotheke;Erdbergstraße 6;1030;Wien
Sonnenland-Apotheke;Altenburger Straße 20;7100;Neusiedl/See
Apotheke Bürmoos;Ignaz-Glaser-Straße 48;5111;Bürmoos
Apotheke Mag.pharm. Roland Clemens;Parhamerplatz 6;1170;Wien
Apotheke Zum Heiligen Nikolaus;Kirchlatz 7;6162;Mutters
FuxApotheke;Markt 137;8323;St. Marein/Graz
Apotheke Neuhofen;Marktplatz 10;4501;Neuhofen/Krems
Marienlieb Apotheke;Bahnhofstraße 14;4540;Bad Hall
Adler Apotheke;Brucker Bundesstraße 29 - 31;5700;Zell/See - Schüttdorf
Alte Leopoldsapotheke;Plankengasse 6;1010;Wien
Vindobona-Apotheke;Bauernfeldplatz 4;1090;Wien
Stadt-Apotheke Zum Guten Hirten;Hauptplatz 17;3300;Amstetten
Rumer Spitz Apotheke;Serlesstraße 11;6063;Neu-Rum
Apo22 beim Donauspital;Zschokkegasse 140;1220;Wien
APOTHEKE U1 TROSTSTRASSE;Favoritenstraße 163;1100;Wien
Apotheke Donauzentrum;Bernoullistraße 1 (Curiegasse 5);1220;Wien
Stadt-Apotheke Gänserndorf;Hans-Kudlichgasse 11;2230;Gänserndorf
Engel-Apotheke;Hauptstraße 21;2232;Deutsch-Wagram
Linden-Apotheke;Untermarkt 1;6600;Reutte
Weitensfeld Apotheke;Gurktalstraße 10;9344;Weitensfeld
St. Anna-Apotheke;Hauptstraße 210;9210;Pörtschach
Malchus Apotheke;Villacher Straße 15;9800;Spittal/Drau
Apotheke der Barmherzigen Brüder;Taborstraße 16;1020;Wien
Anstaltsapotheke des Allgemeinen öffentlichen Krankenhauses der Barmherzigen Brüder;Esterházystraße 26;7000;Eisenstadt
Anstaltsapotheke des Krankenhauses der Barmherzigen Brüder;Rudigierstraße 11 - 13;4021;Linz
Lendorf-Apotheke;Feldkirchner Straße 219;9020;Klagenfurt
Tauern-Apotheke Mittersill;Kirchgasse 6;5730;Mittersill
Apotheke Nova Park;Arzlerstraße 43B;6020;Innsbruck
Apotheke Doppl;Haidfeldstraße 22;4060;Leonding
Apotheke Kleinmünchen;Dauphinestraße 62;4030;Linz
Apotheke Ebelsberg;Wiener Straße 482;4030;Linz
Apotheke Auhof;Altenberger Straße 40/Im Winkler Markt;4040;Linz
Apotheke Lentia;Hauptstraße 54;4040;Linz
St. Magdalena Apotheke;Haselgrabenweg 1;4040;Linz
St. Markus Apotheke;Leonfeldner Straße 133;4040;Linz
Apotheke Zur Hütte;Pestalozzistraße 67;8700;Leoben
APOTHEKE ZUM GOLDENEN REICHSAPFEL;Singerstraße 15;1010;Wien
Die Apotheke in der Lugner City;Gablenzgasse 5 - 13/UG 9;1150;Wien
Apotheke zur Goldenen Krone;Himmelpfortgasse 7;1010;Wien
Apotheke Zur Maria Heil der Kranken;Enzersdorfer Straße 14;2345;Brunn/Gebirge
Rittersporn Apotheke;Landesstraße 1;9130;Poggersdorf
Apotheke Zum heiligen Nikolaus;Achstraße 22a;6844;Altach
Apotheke Gössendorf;Hauptstraße 3;8077;Gössendorf
Albarelli-Apotheke;Muthgasse 26/2;1190;Wien
Marien-Apotheke;Hauptstraße 49;2263;Dürnkrut
Buchen Apotheke;Golfplatzstraße 2;4048;Puchenau
St. Markus Apotheke;Landstraßer Hauptstraße 130;1030;Wien
Quirinus-Apotheke;Saporoshjestraße 3/Ärztezentrum Süd;4030;Linz
Nikolaus Apotheke;Oberlängenfeld 6/01B;6444;Längenfeld
Apotheke U2;Lavaterstraße 6/3/58 (Wonkaplatz 3/3/58);1220;Wien
Apotheke zum grünen Kreuz;Linzer Straße 42;1140;Wien
ProSante Apotheke;Knöllgasse 49;1100;Wien
CCA Apotheke;Waidhofner Straße 1;3300;Amstetten
Adler Apotheke Ferlach;Hauptplatz 16;9170;Ferlach
Stadtapotheke;Nr. 66;9433;St. Andrä/Lavanttal
Angelus Apotheke;Marktgasse 5;2700;Wiener Neustadt
easy-Apotheke in der Au;Austraße 30;6200;Jenbach
Apotheke zum Engel;Steiner Landstraße 80;3504;Krems-Stein
Apotheke im Auhof Center;Albert Schweitzer Gasse 6;1140;Wien
HAIHO-APOTHEKE Haidershofen;Zellhofersiedlung 56;4431;Haidershofen
Bartholomäus-Apotheke;Elterleinplatz 12;1170;Wien
Apotheke Roth am Freiheitsplatz;Freiheitsplatz 6;2340;Mödling
Resch-Apotheke;Rudolfstraße 13;4040;Linz
Anstaltsapotheke des Hanusch-Krankenhauses;Heinrich-Collin-Straße 30;1140;Wien
Noreia-Apotheke;Pischeldorfer Straße 105;9020;Klagenfurt
Center Apotheke;Daniel-Gran-Straße 13;3100;St. Pölten
Laaerbergapotheke;Laaer Berg-Straße 168;1100;Wien
Apotheke Zur Mariahilf;Simmeringer Hauptstraße 76;1110;Wien
Franziskus Apotheke;Thürnlhofstraße 30;1110;Wien
apo11;Gadnergasse 2 - 4;1110;Wien
Apotheke Altmannsdorf;Breitenfurter Straße 46 - 56;1120;Wien
Stern-Apotheke;Knabenseminarstraße 4;4040;Linz
Steinsee-Apotheke;Anton-Baumgartner-Straße 40/Top 8;1230;Wien
Mantlersche Apotheke;Brünner Straße 3;1210;Wien
Apotheke Jedlesee;Jeneweingasse 2;1210;Wien
Artemis Apotheke;Gerasdorfer Straße 139;1210;Wien
Apotheke U2 Stadlau;Kaisermühlenstraße 26/3/1;1220;Wien
Bezirksapotheke;Bahnstraße 45;2230;Gänserndorf
Stadt-Apotheke;Hauptplatz 2;2020;Hollabrunn
Apotheke Zum heilsamen Brunnen;Südbahnstraße 7;2544;Leobersdorf
Apotheke Zum Schwarzen Bären;Kirchengasse 2;8230;Hartberg
Apotheke Zum St. Nikolaus;Marktplatz 14;2486;Pottendorf
Johannes-Apotheke;Bundesstraße 5;6111;Volders
Seewinkel-Apotheke;Hauptstraße 15 - 17;7132;Frauenkirchen
Salvator-Apotheke;Hauptplatz 5;2421;Kittsee
Salvator-Apotheke;Hauptplatz 9;7210;Mattersburg
Schutzengelapotheke Neufeld;Hauptstraße 34;2491;Neufeld/Leitha
Kurbadapotheke;Schulstraße 5;7202;Bad Sauerbrunn
Burgenland-Apotheke;Rathausplatz 6;7011;Siegendorf
Schutzengel-Apotheke;Bahnstraße 16;7151;Wallern/Burgenland
Filialapotheke Oberschützen;Parkstraße 7;7431;Bad Tatzmannsdorf
Marien-Apotheke;Hauptstraße 56;7000;Eisenstadt
Sebastian-Apotheke;Loipersbacher Straße 2;7222;Rohrbach
Römer Apotheke;Hauptstraße 84;7062;St. Margarethen
Apotheke zum hl. Martin;Martinus Straße 12;3361;Aschbach-Markt
Wörtherseeapotheke;Villacher Straße 29;9220;Velden
St. Martin Apotheke;St. Martiner Straße 44;9500;Villach
Apotheke Zur Gnadenmutter;Hauptplatz 4;8630;Mariazell
Apotheke Zur Gnadenmutter;Spitalsgasse 4;8630;St. Sebastian
Anstaltsapotheke der Klinik Landstraße;Juchgasse 25;1030;Wien
Anstaltsapotheke des Universitätsklinikum AKH Wien;Währinger Gürtel 18 - 20;1090;Wien
Anstaltsapotheke der Klinik Donaustadt;Langobardenstraße 122;1220;Wien
Apotheke am Rennweg;Rennweg 41;1030;Wien
St. Anna Apotheke;Maria-Theresien-Straße 4;6020;Innsbruck
Apotheke zum Goldenen Stern;Gewerbestraße 13A;5301;Eugendorf
Filialapotheke Angerberg;Unholzen 140;6320;Angerberg
Schutzengel-Apotheke;Hauptstraße 13;7083;Purbach
Schutzengel-Apotheke;Neusiedler Straße 16;7082;Donnerskirchen
Apotheke Zur göttlichen Vorsehung;G. A. Wimmer-Platz 6;7432;Oberschützen
Apotheke Zum goldenen Kreuz;Hartberger Straße 3/1;7411;Markt Allhau
Pannonia Apotheke;Neusiedler Straße 6C;7111;Parndorf
Apotheke Zum Schwan;Schottenring 14;1010;Wien
Apotheke Zum weißen Engel;Bognergasse 9;1010;Wien
Apotheke Zur Hoffnung;Heinestraße 37;1020;Wien
Apotheke Zum heiligen Josef;Taborstraße 63;1020;Wien
Salesianer-Apotheke;Salesianergasse 14;1030;Wien
Sophien-Apotheke;Marxergasse 22;1030;Wien
Belvedere-Apotheke;Prinz Eugen-Straße 24;1040;Wien
Johann Strauß-Apotheke;Johann-Strauß-Gasse 32;1040;Wien
St. Franziskus-Apotheke;Schönbrunner Straße 109;1050;Wien
Alte Hofmühl-Apotheke;Hofmühlgasse 9;1060;Wien
St. Nikolaus-Apotheke;Bürgerspitalgasse 14;1060;Wien
Apotheke Zum heiligen Aegidius;Gumpendorfer Straße 105;1060;Wien
Apotheke An der Kaiserstraße;Kaiserstraße 73 - 75;1070;Wien
Babenberger-Apotheke;Mariahilfer Straße 8;1070;Wien
Tiger Apotheke;Alser Straße 12;1090;Wien
Josefinen-Apotheke;Sechsschimmelgasse 17;1090;Wien
Löwen-Apotheke;Rotenlöwengasse 1;1090;Wien
Madonnen-Apotheke;Keplerplatz 12;1100;Wien
Apotheke am Reumannplatz;Reumannplatz 16;1100;Wien
Alauda-Apotheke;Alma-Rosé-Gasse 2/Per Albin Hansson-Siedlung Ost;1100;Wien
Carolinen-Apotheke;Kundratstraße 20;1100;Wien
Herder-Apotheke;Ehamgasse 4;1110;Wien
Neue Leopolds-Apotheke;Geringergasse 22;1110;Wien
Geiselberg-Apotheke;Geiselbergstraße 26 - 32;1110;Wien
Apotheke Zum Schutzengel;Meidlinger Hauptstraße 45;1120;Wien
Vierburgen-Apotheke;Kranichberggasse 2;1120;Wien
Apotheke Am Schöpfwerk;Am Schöpfwerk 31/Gesundheitszentrum;1120;Wien
Schubert-Apotheke;Arndtstraße 88;1120;Wien
Jagdschloss Apotheke;Jagdschloßgasse 77 - 79;1130;Wien
Flora-Apotheke;Hütteldorfer Straße 175;1140;Wien
Apotheke Zum heiligen Rochus;Nisselgasse 17;1140;Wien
Adler-Apotheke;Kirchstetterngasse 36;1160;Wien
Igel-Apotheke;Hormayrgasse 21;1170;Wien
Apotheke Hernals;Hernalser Hauptstraße 212;1170;Wien
Hans Sachs-Apotheke;Währinger Straße 84;1180;Wien
Apotheke Zur guten Hoffnung;Rathstraße 16;1190;Wien
Apotheke Zum heiligen Josef;Döblinger Hauptstraße 64;1190;Wien
Arkaden-Apotheke;Jägerstraße 69;1200;Wien
Apotheke Neu-Stammersdorf im B7;Brünner Straße 219;1210;Wien
Sonnen-Apotheke;Leopoldauer Straße 17;1210;Wien
Apotheke zum Weinstock;Brünner Straße 180;1210;Wien
Nordost-Apotheke;Emichgasse 8;1220;Wien
Markus-Apotheke;Alfred-Kubin-Platz 3;1220;Wien
Apotheke Naturalis;Breitenleer Straße 3;1220;Wien
Dreifaltigkeits-Apotheke;Berggasse 17;3812;Groß Siegharts
Herz-Jesu-Apotheke;St. Pöltner Straße 4;3204;Kirchberg/Pielach
Apotheke Zum heiligen Leonhard;Wöllersdorfer Straße 14;2753;Markt Piesting
Apotheke Zum heiligen Georg;Eduard Huebmer-Gasse 164;2823;Pitten
Apotheke Zur Mariahilf;Hauptplatz 5;3650;Pöggstall
Apotheke Pulkau;Rathausplatz 10;3741;Pulkau
Apotheke Zum heiligen Peter und Paul;Hauptstraße 12;2630;Ternitz
Apotheke zur Mutter Gottes;Hauptplatz 4;3133;Traismauer
Apotheke Zum Erlöser;Hochstraße 25;2540;Bad Vöslau
Apotheke Zum heiligen Leopold;Ungargasse 26;2700;Wiener Neustadt
Apotheke Zum heiligen Leopold;Horner Straße 5;3710;Ziersdorf
Apotheke Zum Auge Gottes;Neusiedler Straße 7;2401;Fischamend
Apotheke Zur heiligen Dreifaltigkeit;Hauptstraße 28;2371;Hinterbrühl
Apotheke Zur heiligen Agnes;Wiener Straße 104;3400;Klosterneuburg
Marien-Apotheke;Schloßplatz 10;2361;Laxenburg
Alte Stadtapotheke Zum heiligen Othmar;Elisabethstraße 17;2340;Mödling
Apotheke Zum heiligen Jakob;Neustiftgasse 1;3071;Böheimkirchen
Apotheke Süd;Landsbergerstraße 9;3100;St. Pölten
Central-Apotheke;Bahnstraße 2;2351;Wiener Neudorf
Flughafen-Apotheke;Terminal 1/Shoppingarcade;1300;Wien-Schwechat (Flughafen)
Merkur-Apotheke;Stadionstraße 6 - 12;2700;Wiener Neustadt
Apotheke Wimpassing;Bundesstraße 30;2632;Wimpassing
Apotheke Civitas Nova;Prof.-Dr.-Stefan-Koren-Straße 8A;2700;Wiener Neustadt
Kamptal-Apotheke;Hartriegelstraße 2;3550;Langenlois
APOTHEKE ZUR JUNGFRAU MARIA;Marktplatz 11;4160;Aigen-Schlägl
Stadtapotheke Altmünster;Marktstraße 16;4813;Altmünster
Apotheke Zum guten Hirten;Hauptstraße 7;4873;Frankenburg
Salzkammergut-Apotheke;Georgstraße 5;4810;Gmunden
Apotheke Zum heiligen Antonius;Hauptstraße 16;4360;Grein
Apotheke Zur Mariahilf;Hauptstraße 19;4594;Grünburg
Apotheke Zum Engel;Marktplatz 21;4680;Haag/Hausruck
Centralapotheke;Mozartstraße 1;4020;Linz
Froschberg-Apotheke;Ziegeleistraße 70;4020;Linz
Apotheke Zum schwarzen Adler;Obermarkt 28;5270;Mauerkirchen
Apotheke Zur Mariahilf;Herzog-Odilo-Straße 9;5310;Mondsee
Kreuz-Apotheke;Hauptstraße 16/1;4722;Peuerbach
Apotheke Zum heiligen Florian;Wiener Straße 5;4490;St. Florian
Apotheke Windischgarsten;Gleinkerseestraße 10;4580;Windischgarsten
Almtal-Apotheke;Bahnhofstraße 30;4655;Vorchdorf
Paracelsus-Apotheke;Dornacher Straße 9;4040;Linz
Ikarus-Apotheke;Neubauerstraße 15;4063;Hörsching
Thalheim-Apotheke;Rodlbergerstraße 35;4600;Thalheim/Wels
Kamillen-Apotheke;Wagnerweg 2/Mittertreffling;4209;Engerwitzdorf
Apotheke Buchkirchen;Hauptstraße 15;4611;Buchkirchen
St. Petrus Apotheke Birkfeld;Berggasse 2;8190;Birkfeld
Donatus-Apotheke;Brucker Straße 12;8101;Gratkorn
Apotheke Zur göttlichen Vorsehung;Heinrichstraße 3;8010;Graz
Kronen-Apotheke;Conrad-von-Hötzendorf-Straße 28;8010;Graz
Jakomini-Apotheke;Jakominiplatz 15;8010;Graz
Kaiser-Josef-Apotheke;Kaiser-Josef-Platz 5;8010;Graz
Landschafts-Apotheke;Sackstraße 4;8010;Graz
Schutzengel-Apotheke;Lilienthalgasse 24;8020;Graz
Adler Apotheke;Hauptplatz 4;8010;Graz
Apotheke Zum Heiligen Josef;Hauptstraße 28;8650;Kindberg
Apotheke Zum Hirschen;Hauptplatz 29;8430;Leibnitz
Apotheke Zum heiligen Josef;Wiener Straße 27;8680;Mürzzuschlag
Apotheke Zur Reichskrone;Hauptplatz 24;8480;Mureck
Edelweiss-Apotheke;Pfarrgasse 677;8970;Schladming
Paracelsus-Apotheke;Birkfelder Straße 1;8160;Weiz
Sonnen-Apotheke;Kärntner Straße 5;8580;Köflach
Apotheke Zum grünen Kreuz;Annenstraße 45;8020;Graz
Marien-Apotheke;Marktstraße 13;8522;Groß-St. Florian
Apotheke Ragnitz;Ragnitzstraße 177;8047;Graz
Aesculap-Apotheke;Burenstraße 72;8052;Graz
Apotheke Andritz;Weinzöttlstraße 3;8045;Graz
Apotheke zum Chiron;Josef Krainer Straße 33;8074;Raaba-Grambach
Schutzengel-Apotheke Fohnsdorf;Grazer Straße 22;8753;Fohnsdorf
Petrifelder-Apotheke;Petrifelderstraße 21;8042;Graz
Apotheke im Citypark;Lazarettgürtel 55;8020;Graz
Rothlauer-Apotheke;Waltendorfer Hauptstraße 121;8042;Graz
Apotheke Bleiburg;Hauptplatz 2;9150;Bleiburg
team santé obelisk apotheke;Völkermarkter Ring 14;9020;Klagenfurt
Apotheke Zur Mariahilf;Lobisserplatz 5;9470;St. Paul/Lavanttal
Porcia Apotheke;Hauptplatz 4;9800;Spittal/Drau
Hubertus-Apotheke;Tiroler Straße 14;9800;Spittal/Drau
Sonnen-Apotheke;Karawankenplatz 6;9220;Velden
Apotheke Zur Mariahilf;Wiener Straße 2;9400;Wolfsberg
Kanzianus Apotheke;Klopeiner Straße 2;9122;St. Kanzian
Völkendorf-Apotheke;Völkendorfstraße 23A;9500;Villach
Bären-Apotheke;Rosentaler Straße 73;9020;Klagenfurt
Drau Apotheke;Ossiacher Zeile 45;9500;Villach
Apotheke Viktring;Viktringer Platz 13;9073;Klagenfurt
Kur-Apotheke;Dorfstraße 70;9546;Bad Kleinkirchheim
Teurnia-Apotheke;Mölltalstraße 37;9813;Möllbrücke
Vitalis Apotheke;Flurweg 7;9560;Feldkirchen
Johannes Stadtapotheke;Hans Kappacher-Straße 8;5600;St. Johann/Pongau
Lehener Löwen-Apotheke;Ignaz-Harrer-Straße 54;5020;Salzburg
Riedenburg-Apotheke;Neutorstraße 32;5020;Salzburg
Adler-Apotheke;Klessheimer Allee 96;5020;Salzburg
Apotheke Zum heiligen Geist;Aigner Straße 50;5026;Salzburg
Apotheke Zum heiligen Martin;Marktplatz 14;5204;Straßwalchen
Tauern-Apotheke;Obere Marktstraße 46;5541;Altenmarkt/Pongau
Theresien Apotheke im Europark;Europastraße 1;5020;Salzburg
Wallersee-Apotheke;Hauptstraße 67;5302;Henndorf/Wallersee
Weidmoos Apotheke;Holzhauserweg 2;5112;Lamprechtshausen
Linden-Apotheke;Amraser Straße 106A;6020;Innsbruck
Apotheke Zum Andreas Hofer;Andreas-Hofer-Straße 30;6020;Innsbruck
Zentral-Apotheke;Anichstraße 2a;6020;Innsbruck
Karwendel-Apotheke;Postgasse 17;6200;Jenbach
Stadt-Apotheke Zum Tiroler Adler;Unterer Stadtplatz 1;6330;Kufstein
Sankt Franziskus Apotheke;Muchargasse 13;9900;Lienz
Marien-Apotheke;Hauptplatz 8;9920;Sillian
Stadt-Apotheke;Bahnhofstraße 32;6300;Wörgl
Marien-Apotheke;Burggasse 7;6130;Schwaz
Fragenstein-Apotheke;Dorfplatz 9;6170;Zirl
Schützen-Apotheke;Schützenstraße 56 - 58;6020;Innsbruck
Apotheke St. Pankraz;Karl Mauracher-Weg 36;6263;Fügen
Pillersee-Apotheke;Rosenegg 54;6391;Fieberbrunn
St.-Blasius-Apotheke;Aflingerstraße 7;6176;Völs
Apotheke Zum Tiroler Adler;Museumstraße 18;6020;Innsbruck
Klobenstein-Apotheke;Leitweg 14;6345;Kössen
St. Georg-Apotheke;Dorf 30;6167;Neustift
Paracelsus-Apotheke Mils;Kirchstraße 20D;6068;Mils
Marien-Apotheke;Karwendelstraße 3;6112;Wattens
Apotheke Aldrans;Lanserstraße 8D;6071;Aldrans
Salven-Apotheke;Dorf 71;6306;Söll
Sonnberg-Apotheke;Kitzbühler Straße 118;6365;Kirchberg
Salvator-Apotheke;Marktstraße 52;6850;Dornbirn
A. Clessin´sche Stadt-Apotheke;Kreuzgasse 22;6800;Feldkirch
Heilquell-Apotheke;Hofsteigstraße 53;6858;Schwarzach
Elisabeth-Apotheke;Werben 2;6842;Koblach
Engel-Apotheke;Grindelstraße 17A;6890;Lustenau
Lebensquell Apotheke;Haselstauderstraße 29A;6850;Dornbirn
Apotheke Mauerbach;Kreuzbrunn 18;3001;Mauerbach
Forum Apotheke Oed;Schiffmannstraße 7/Ärztezentrum West;4020;Linz
Buchen-Apotheke;Klausenstraße 129;2534;Alland
Dreifaltigkeitsapotheke;Hauptplatz 7;4540;Bad Hall
Lebenswert Apotheke;Siegfried-Marcus-Straße 7;8605;Kapfenberg
Gerlosstein-Apotheke;Dorfplatz 3A;6280;Zell/Ziller
Heilborn Apotheke;Badstraße 12;4701;Bad Schallerbach
Apotheke Zum Erlöser;Hauptplatz 13;2095;Drosendorf
Kreis-Apotheke Zum goldenen Löwen;Hauptplatz 9;9500;Villach
Apotheke Puntigam;Triester Straße 373;8055;Graz
Areit Apotheke;Prof. Ferry Porsche Straße 23;5700;Zell/See
Flachgau Apotheke;Hauptstraße 16A;5201;Seekirchen
Apotheke LKH Villach;Nikolaigasse 43;9500;Villach
Birken Apotheke;Khemetergasse 8;1230;Wien
Apotheke Zur Mutter Gottes;Gudrunstraße 150;1100;Wien
Leonhard Apotheke;Leonhardplatz 3;8010;Graz
Lilien Apotheke;Kärntner Straße 537;8054;Seiersberg-Pirka
Museum-Apotheke;Elisabethstraße 1;4020;Linz
Mariahilf-Apotheke;Kärntner Straße 22;9601;Arnoldstein
Edelweiß-Apotheke;Hauptstraße 4A;4870;Vöcklamarkt
Apotheke zum römischen Kaiser;Wollzeile 13;1010;Wien
Kreuz-Apotheke;Mariahilfer Straße 72;1070;Wien
Bernstein Apotheke;Rosentaler Straße 224;9020;Klagenfurt
Kreuz-Apotheke;Mayrhansenstraße 2;4060;Leonding
Stifts-Apotheke;Hauptstraße 1;8813;St. Lambrecht
die apoteeke in teesdorf;Wiener Neustädter Straße 32B;2524;Teesdorf
Apotheke Zum heiligen Andreas;Pollhammerstraße 3;3542;Gföhl
Zur Markt Apotheke;Untere Hauptstraße 25;8181;St. Ruprecht/Raab
Anna Apotheke;Siebenstädterstraße 14;5020;Salzburg
Adler-Apotheke;Währinger Straße 149;1180;Wien
St. Anna-Apotheke;Stadtplatz 22;4230;Pregarten
Apotheke Zur Mariazell;Sechshauser Straße 41;1150;Wien
Apotheke im Frunpark;Handelsring 8 - 10;4481;Asten
Apotheke Zum Römer;Wiener Straße 11;2405;Bad Deutsch Altenburg
Wald-Apotheke Hohenberg;Alte Hauptstraße 7;3192;Hohenberg
Stadtapotheke Leoben;Krottendorfergasse 6;8700;Leoben
Landschafts-Apotheke;Hauptplatz 13;2500;Baden/Wien
Apotheke in der Wiesen;Erlaaer Platz 1;1230;Wien
Europa-Apotheke;Talstraße 74;6284;Ramsau/Zillertal
Föhren-Apotheke;Föhrenstraße 15;4600;Wels
Hubertus Apotheke;Alserbachstraße 28;1090;Wien
Apotheke Zum Biber;Porzellangasse 5;1090;Wien
Walfisch-Apotheke;Lerchenfelder Straße 41;1070;Wien
Fidelis-Apotheke;Liechtensteiner Straße 94A;6800;Feldkirch
Engel-Apotheke;Linzer Gasse 5;5020;Salzburg
Marien-Apotheke;Bahnhofstraße 5;5500;Bischofshofen
Europa Apotheke;Hütteldorfer Straße 186;1140;Wien
Janus-Apotheke;Wiener Straße 215 - 217;8051;Graz
Salvator-Apotheke;Wickenburggasse 1;8010;Graz
Kolibri Apotheke;Kärntnerstraße 100;8720;Knittelfeld
Willkommens-Apotheke;Märzstraße 49;1150;Wien
Alte Feldapotheke;Stephansplatz 8A (Jasomirgottstraße 2);1010;Wien
Löwen-Apotheke;Enge Gasse 1;4400;Steyr
Rosen-Apotheke;Längdorfer Straße 2;9184;St. Jakob/Rosental
Sternwarte-Apotheke;Sternwartestraße 6;1180;Wien
Apotheke Zum schwarzen Adler;Hauptstraße 86;4890;Frankenmarkt
Ring-Apotheke;Viktringer Ring 1A;9020;Klagenfurt
Jauntal-Apotheke;Bleiburger Straße 16;9141;Eberndorf
Jauntal-Apotheke;Fernando Colazzo-Platz 2;9125;Kühnsdorf
Mathilden-Apotheke;Gaußplatz 3;1020;Wien
Apotheke Zum heiligen Jakob;Hauptstraße 18a;2353;Guntramsdorf
Apotheke zum Heiligen Josef;Markt 26/1;5431;Kuchl
Martin-Apotheke und Drogerie;Bahnhofstraße 25;6911;Lochau
Arbogast-Apotheke;Walgaustraße 26;6837;Weiler
Sonnenapotheke;Jakominiplatz 24;8010;Graz
Sonnenapotheke;Pischeldorfer Straße 187;9020;Klagenfurt
Apotheke Zur Mariazeller Muttergottes;Donaufelder Straße 22;1210;Wien
Marien-Apotheke;Übelbacherstraße 21;8121;Deutschfeistritz
Marien-Apotheke Filiale Peggau;Karl Thomann-Straße 2;8120;Peggau
Stadt-Apotheke Zur heiligen Dreifaltigkeit;Kirchenplatz 16;2301;Groß-Enzersdorf
Tullnerfeld Apotheke;Bahnhofsring 48;3441;Pixendorf
Apotheke Zur heiligen Margaretha;Schremser Straße 18;3860;Heidenreichstein
Apotheke Schöndorf;Robert-Kunz-Straße 11;4840;Vöcklabruck
Stiefingtal Apotheke;Pirchingstraße 5;8081;Heiligenkreuz/Waasen
Alt-Hietzinger Apotheke des Josef Winkler zum Auge Gottes;Hietzinger Hauptstraße 24;1130;Wien
Apotheke Zur Mariahilf;Hauptplatz 21;2700;Wiener Neustadt
Steirer Apotheke;Hans-Sutter-Gasse 1;8160;Weiz
Apotheke Zur Triumphpforte;Leopoldstraße 12 - 14;6020;Innsbruck
Kur-Apotheke;Igler Straße 56;6080;Igls
Apotheke Zum Schutzengel;Prager Straße 81;1210;Wien
Apotheke Nussdorf;Heiligenstädter Straße 140;1190;Wien
Apotheke St. Martin;Leondinger Straße 16;4050;Traun-St. Martin
Meridian - Apotheke;Zur Autobahn 4;3250;Wieselburg
Apotheke Maria Hilf;Münzgasse 1;9100;Völkermarkt
Apotheke Zum heiligen Othmar;Hetzgasse 37;1030;Wien
Apotheke Zum heiligen Andreas;Greifensteiner Straße 27;3423;St. Andrä Wördern
St. Ulrich-Apotheke;Sparkassegasse 36;2020;Hollabrunn
Hippolyt-Apotheke;Kremser Landstraße 37;3100;St. Pölten
Lory Apotheke;Lorystraße 85 - 87;1110;Wien
Apotheke Zur Welser Heide;Welser Straße 2;4614;Marchtrenk
Apotheke Nenzing;Bundesstraße 47;6710;Nenzing
Vorderland-Apotheke;Müsinenstraße 50;6832;Sulz
Marien-Apotheke;Hitzendorf 280;8151;Hitzendorf
Marien Apotheke;Hauptstraße 5;3200;Ober-Grafendorf
Wolf-Dietrich-Apotheke;Linzer Gasse 78;5020;Salzburg
Bären-Apotheke;Kaiserin-Elisabeth-Straße 1 - 3;2344;Maria Enzersdorf
Anstaltsapotheke der Klinik Hietzing;Wolkersbergenstraße 1/Pav. 7a;1130;Wien
Central Apotheke;Wichnerstraße 36;6700;Bludenz
Marien-Apotheke;Sebastian-Kneipp-Gasse 5 - 7;2380;Perchtoldsdorf
Apotheke im Sonnwendviertel;Bloch-Bauer-Promenade 30;1100;Wien
Siebenbrunnen-Apotheke;Siebenbrunnengasse 32;1050;Wien
Christophorus-Apotheke;Marktplatz 3;4311;Schwertberg
Apotheke am Stadtplatz;Stadtplatz 51;4690;Schwanenstadt
Heiland Apotheke;Pottendorfer Straße 6;2700;Wiener Neustadt
Apotheke zum Heiligen Konstantin;Klosterneuburger Straße 118;1200;Wien
Anstaltsapotheke des Landeskrankenhauses - Universitätskliniken Innsbruck;Anichstraße 35;6020;Innsbruck
Rathaus Apotheke Wien;Stadiongasse 10;1010;Wien
Apotheke Hauptbahnhof Tulln;Bahnhofstraße 69;3430;Tulln
Apotheke Zum schwarzen Adler;Schrittwieserplatz 128;8225;Pöllau
Helios-Apotheke;Gmundner Straße 32;4663;Laakirchen
Team Santé Linden Apotheke;Kaspar-Harb-Gasse 2A;8430;Leibnitz
Panther Apotheke;Griesplatz 26;8020;Graz
Apotheke zum Weissen Kreuz;Hernalser Hauptstraße 99;1170;Wien
Josefiau-Apotheke;Friedensstraße 3;5020;Salzburg
Rupertus Apotheke;Maxglaner Hauptstraße 13;5020;Salzburg
APO23 Kalksburg;Kirchenplatz 5/Kalksburg;1230;Wien
Alte f. e. Hofapotheke;Alter Markt 6;5020;Salzburg
Elisabeth-Apotheke;Elisabethstraße 1A;5020;Salzburg
Stadtapotheke Zum heiligen Antonius;Bahnhofstraße 1A;5760;Saalfelden
Apotheke Zur Mariahilf;Wiener Straße 378B;4030;Linz
Apostl Apotheke;Hauptstraße 4;8232;Grafendorf
Kur-Apotheke;Kirchplatz 24/26;6780;Schruns
Apotheke Weiz;Kaplanweg 14;8160;Weiz
Stadtapotheke Enns;Hauptplatz 3;4470;Enns
Apotheke Feldkirchen;Gewerbeparkstraße 2;4101;Feldkirchen/Donau
Anton-Bruckner-Apotheke;Salzburger Straße 6;4053;Haid
St. Rudolf-Apotheke;Goldschlagstraße 102;1150;Wien
Johannes-Apotheke;Hauptplatz 25;8541;Bad Schwanberg
St.-Barbara-Apotheke;Burglechnerweg 2B;6230;Brixlegg
Lilienapotheke;Seebadstraße 12;4813;Altmünster
Braun-Apotheke;Maria-Theresien-Straße 13;6890;Lustenau
Apotheke Zur Mariahilf, Mr. Justin Peither;Kirchenplatz 3;4522;Sierning
Park-Apotheke;Hütteldorfer Straße 145;1140;Wien
Apotheke Kirchbichl;Oberndorferstraße 50;6322;Kirchbichl
Hermes Apotheke;Speisinger Straße 119;1230;Wien
Vellenberg-Apotheke;Burgstraße 4;6091;Götzens
Rosen-Apotheke;Schuhmeierstraße 5;3100;St. Pölten-Spratzern
Apotheke Kaulfus;Schloßplatz 5;6845;Hohenems
Iris-Apotheke;Hauptstraße 42;4484;Kronstorf
Apotheke Kirchberg;Dorfstraße 4;6365;Kirchberg
Südstadt-Apotheke;Südstadtzentrum 1/5/6;2344;Maria Enzersdorf
Salzach-Apotheke;Karl-Ginzkey-Platz 9;5020;Salzburg
Sonnenhof Apotheke;Schönbrunner Straße 50;1050;Wien
Apotheke im Messepark;Messestraße 2;6850;Dornbirn
Stadt-Apotheke;Industriestraße 6;9360;Friesach
Pinzgau Apotheke;Leoganger Straße 39;5760;Saalfelden
Engel-Apotheke;Hauptplatz 2;7471;Rechnitz
Apotheke im Zentrum;Shopping City Seiersberg 1/Top 4/2/3;8055;Seiersberg-Pirka
Apotheke Jois;Bundesstraße 12;7093;Jois
Walgau-Apotheke;Auf Kasal 8;6820;Frastanz
Lauriacum Apotheke;Kathreinstraße 19;4470;Enns
Marien-Apotheke;Marktplatz 27;4720;Neumarkt/Hausruck
Festungs-Apotheke-Kufstein;Klinkstraße 27;6330;Kufstein
Stadtapotheke Zur Madonna;Rosengasse 14;9900;Lienz
Alpha-Apotheke;Quadenstraße 124;1220;Wien
Löwen-Apotheke;Villacher Straße 8;9020;Klagenfurt
Stadt-Apotheke;Hauptplatz 6;3943;Schrems
St.-Anna-Apotheke;Äußerer Markt 13;2860;Kirchschlag
Pitztal Apotheke;Dorfstraße 38;6471;Arzl/Pitztal
Apotheke Gmünd Neustadt;Schubertplatz 21;3950;Gmünd
Krankenhausapotheke Ordensklinikum Linz Barmherzigen Schwestern;Seilerstätte 4;4010;Linz
Apotheke Zum goldenen Engel;Hauptplatz 16;4240;Freistadt
Apotheke Am Göttweiger;Obere Landstraße, 532;3511;Furth bei Göttweig
Schutzengel-Apotheke;Attergaustraße 17;4880;St. Georgen/Attergau
Rosen-Apotheke;Grazer Straße 2;8083;St. Stefan/Rosental
Apotheke Zur heiligen Dreifaltigkeit;Rathausplatz 25;3040;Neulengbach
TRUMAU-APOTHEKE;Dr. Karl Renner-Platz 1;2521;Trumau
Rohrwald Apotheke;Rohrbacher Straße 10;2100;Leobendorf
Saggen-Apotheke;Claudiastraße 4;6020;Innsbruck
Paracelsus-Apotheke;Triester Straße 87A;8020;Graz
Apotheke Atrium;Grabenweg 58;6020;Innsbruck
Diana Apotheke;Wiener Straße 9;4470;Enns
Die Apotheke am Liesingbach;Himberger Straße 35;1100;Wien
Stadtapotheke Mariahilf Rohrbach;Stadtplatz 18;4150;Rohrbach
Almenland Apotheke;Markt 12;8162;Passail
Augarten-Apotheke Zum heiligen Leopold;Untere Augartenstraße 13;1020;Wien
St. Gallus-Apotheke;Reichenauer Straße 2;4210;Gallneukirchen
Gailtal Apotheke;Bahnhofstraße 10;9620;Hermagor
DaVinci-Apotheke;Davidgasse 82 - 90;1100;Wien
Apotheke Zur Maria-Heil der Kranken;Wiener Straße 120;8240;Friedberg
Salvator-Apotheke;Hauptplatz 17;4560;Kirchdorf/Krems
Stadion-Apotheke;Ybbsstraße 35;3300;Amstetten
Diana-Apotheke Güssing;Pater Gratian Leser-Straße 4;7540;Güssing
Nibelungen Apotheke;Langenharter Straße 50;4300;St. Valentin
Agnes Apotheke;Silbergasse 15;1190;Wien
Jakobus Apotheke;Wiener Straße 20;4481;Asten
Rax-Apotheke;Raxstraße 30;1100;Wien
Nibelungen-Apotheke;Herrengasse 9;3130;Herzogenburg
Apotheke Abtenau;Markt 253A;5441;Abtenau
Anstaltsapotheke der Klinik Penzing;Baumgartner Höhe 1 (Pavillion 7);1140;Wien
Donaufelder-Apotheke;Donaufelder Straße 177A;1220;Wien
Bachapotheke Zum heiligen Christophorus;Grazer Straße 26;7400;Oberwart
Landschafts-Apotheke;Alter Platz 32;9020;Klagenfurt
Marco-Polo-Apotheke;Ruthnergasse 89;1210;Wien
Antonius-Apotheke;Marburger Straße 87;8435;Wagna
Apotheke Zum Heiligen Geist;Operngasse 16;1010;Wien
Apotheke im Andromeda Tower;Donau-City-Straße 6;1220;Wien
Marien-Apotheke;Hauptstraße 84;1140;Wien
Apotheke am Resthof;Werner-von-Siemens-Straße 1A;4400;Steyr
See-Apotheke Drogerie;Hauptstraße 32;4861;Kammer/Schörfling
Apotheke Alt-Erlaa;Anton-Baumgartner-Straße 44/Kaufpark/Top 10;1230;Wien
Christophorus-Apotheke;Hauptstraße 22;6401;Inzing
St. Paul-Apotheke;Eisteichgasse 31;8010;Graz
Apotheke Zum Löwen von Aspern;Groß-Enzersdorfer Straße 4A;1220;Wien
Moos Apotheke;Moosstraße 15;5020;Salzburg
Maria-Lourdes-Apotheke;Tivoligasse 50;1120;Wien
Raabtal Apotheke;Ludwig-Binder-Straße 27;8200;Gleisdorf
Anstaltsapotheke Landesklinikum Horn-Allentsteig;Spitalgasse 10;3580;Horn
Apotheke Zum Auge Gottes;Leuthnersiedlung 29/Haus 1/Top 1;3493;Hadersdorf/Kamp
Kronen-Apotheke;Schulgasse 5;7400;Oberwart
Erzberg-Apotheke Zur heiligen Barbara;Vordernberger Straße 16;8790;Eisenerz
Apotheke Zur Mariahilf;Stronsdorf 112;2153;Stronsdorf
Tivoli-Apotheke;Olympiastraße 37;6020;Innsbruck
Apotheke Zum Goldenen Löwen;Wiener Straße 1;3100;St. Pölten
Apotheke  Alkoven;Edelweißstraße 6;4072;Alkoven
GreenCity Apotheke;Olga-Rudel-Zeynek-Gasse 4;8054;Graz
Bach Apotheke;Steinbruchstraße 6 (Ecke Huttengasse);1160;Wien
Grossfeldapotheke;Adolf-Loos-Gasse 9;1210;Wien
Peter Rosegger Apotheke;Peter Rosegger Straße 101;8052;Graz
Löwen-Apotheke;Rathausstraße 15 - 17;6900;Bregenz
St. Valentinus-Apotheke;Hauptstraße 22;4300;St. Valentin
Seeberg-Apotheke;Bahnhofstraße 41;4802;Ebensee
Raimund-Apotheke;Hauptstraße 87;2763;Pernitz
Apotheke Novale;Rheinstraße 13;6800;Feldkirch
Steinbock-Apotheke;Sigmund Thun Straße 22;5710;Kaprun
Apotheke Leogang;Leogang 19;5771;Leogang
Marien-Apotheke;Schmalzhofgasse 1;1060;Wien
Grinzinger Apotheke;Cobenzlgasse 10;1190;Wien
Anstaltsapotheke des Landeskrankenhauses Feldkirch;Carinagasse 47;6800;Feldkirch
Apotheke Zum goldenen Biber;Getreidegasse 4;5020;Salzburg
Cur Apotheke;Kaiser-Franz-Josef-Straße 3;8344;Bad Gleichenberg
Salvator-Apotheke;Hauptplatz 3;9560;Feldkirchen
Stadt-Apotheke;Stadtplatz 42;5280;Braunau/Inn
Andreas Apotheke Anger;Pettauer Straße 2;8184;Anger
Schutzengel-Apotheke;Mühlbacherweg 4;9530;Bad Bleiberg
Maria Schutz Apotheke;Hauptplatz 23;4190;Bad Leonfelden
Marien-Apotheke;Hauptplatz 7;2103;Langenzersdorf
St. Martin-Apotheke;Martinstraße 2 (Jörgerstraße 14 - 16);1180;Wien
Apotheke am Weg;Pass Thurnstraße 17;6380;St. Johann
Wulfenia Apotheke;Italiener Straße 4;9500;Villach
Sonnwend-Apotheke, MAYERS Apotheke;Dorf 95;6232;Münster
Kur-Apotheke;Kreuzplatz 18;4820;Bad Ischl
Apotheke Zum Schutzengel;Wiener Straße 6;3002;Purkersdorf
Apotheke Zur heiligen Dreifaltigkeit;Hainfelder Straße 14;2560;Berndorf
Apotheke Niklasdorf;Leobner Straße 50;8712;Niklasdorf
Gerlitzen Apotheke;Eichrainweg 9;9521;Treffen
Apotheke Zur Heiligen Martha;Mariahilfer Straße 192;1150;Wien
Stadt-Apotheke Zum Einhorn;Andreas-Hofer-Straße 10/Stadtgalerien;6130;Schwaz
Antonius-Apotheke;Weinitzenstraße 2;8045;Graz
Georg-Apotheke;Badstraße 49;2340;Mödling
Feld-Apotheke;Siegfried Marcus-Straße 16B;2362;Biedermannsdorf
Anstaltsapotheke des Landeskrankenhauses Steyr;Sierninger Straße 170;4400;Steyr
Marien-Apotheke;Hauptplatz 8;2440;Gramatneusiedl
Wartenfels-Apotheke Thalgau;Salzburger Straße 33;5303;Thalgau
Die Apotheke Ebenfurth;Hauptstraße 13;2490;Ebenfurth
Sandleiten-Apotheke;Nietzscheplatz 4;1160;Wien
Apotheke Zum Auge Gottes;Stadtplatz 37;3950;Gmünd
Saint Charles Apotheke;Gumpendorfer Straße 30;1060;Wien
St. Gebhard Apotheke;Heldendankstraße 42;6900;Bregenz
Apotheke der Barmherzigen Brüder;Taborstraße 16;1020;Wien
Jacobus-Apotheke;Ilz 23;8262;Ilz
Stadt Apotheke;Wolfstraße 6;4663;Laakirchen
Apotheke Planai West;Salzburgerstraße 304;8970;Schladming
Vinomna-Apotheke;Stiegstraße 23;6830;Rankweil
Apotheke Zur Mariahilf;Am Stadtberg 1;3804;Allentsteig
Marien-Apotheke;Hauptstraße 5;3720;Ravelsbach
Anstaltsapotheke der Klinik Ottakring;Montleartstraße 37;1160;Wien
St. Anna-Apotheke;Linzer Straße 261;1140;Wien
Salvator-Apotheke;Hauptstraße 51;2651;Reichenau/Rax
Annenapotheke;Hauptstraße 21;4901;Ottnang
Stadt-Apotheke Zur heiligen Barbara;Marktgasse 3;8784;Trieben
Walsertal-Apotheke;Walserstraße 51;6991;Riezlern/Kleinwalsertal
Mariahilf-Apotheke;Wiener Straße 21;3300;Amstetten
Central-Apotheke;Andreas-Hofer-Platz 1;6300;Wörgl
Krappfeld Apotheke;Industriepark Süd B4;9330;Althofen
St. Berthold Apotheke & Drogerie;St.-Berthold-Allee 23;4451;Garsten
Paracelsus Apotheke;St. Gertraud 26;9413;Frantschach-St. Gertraud
Apotheke Wies;Altenmarkt 31;8551;Wies
Montfort-Apotheke;Reichsstraße 87;6804;Feldkirch
Mag.pharm. Job`s  Kreisapotheke;Untere Hauptstraße 1;7100;Neusiedl/See
Tabor-Apotheke;Rooseveltstraße 12;4400;Steyr
Löwen-Apotheke;Stadtplatz 6;5280;Braunau/Inn
Andreas-Apotheke;Grazer Straße 10;8665;Langenwang
Apotheke Zur heiligen Elisabeth;Landstraßer Hauptstraße 4;1030;Wien
Apotheke zum schwarzen Adler;Hauptplatz 11;3910;Zwettl
Apotheke Zum schwarzen Adler;Hauptplatz 2;3830;Waidhofen/Thaya
Diana-Apotheke;Bundesstraße 114;8402;Werndorf
FLORA APOTHEKE;Gratweiner Straße 19;8111;Gratwein-Straßengel
Apotheke Zur Alten Jägerzeile;Praterstraße 66;1020;Wien
Apotheke solarCity;Lunaplatz 1;4030;Linz
Apotheke Micheldorf;Michelpark 2;4563;Micheldorf
Löwenapotheke;Eduard Rösch-Straße 48;2000;Stockerau
Tassilo-Apotheke;Marktplatz 2;5163;Mattsee
Apotheke der Barmherzigen Brüder;Annenstraße 4;8020;Graz
Alpen Apotheke;Hauptstraße 56;8962;Gröbming
Stadtapotheke Winkler;Herzog-Friedrich-Straße 25;6020;Innsbruck
Floriani-Apotheke;Kärntner Straße 410 - 412;8054;Graz
Anstaltsapotheke des A. ö. Krankenhauses St. Josef Braunau GmbH.;Ringstraße 60;5280;Braunau/Inn
Apotheke Zu Maria Trost;Mariatrosterstraße 31;8043;Graz
Alte Stadtapotheke Zum Einhorn;Oberer Stadtplatz 21;3340;Waidhofen/Ybbs
Apotheke Zur heiligen Dreifaltigkeit;Brünner Straße 256;1210;Wien
Fürstenallee Apotheke;Nonntaler Hauptstraße 61;5020;Salzburg
Alpen Apotheke;Tiroler Straße 71;6424;Silz
Stadtapotheke Gleisdorf;Florianiplatz 8;8200;Gleisdorf
Apotheke Zum Hl. Leopold;Hauptstraße 23;3270;Scheibbs
Apotheke “Zur Heimat”;Wiener Straße 12;3382;Loosdorf
Marien-Apotheke;Hauptplatz 47;8342;Gnas
Augustinus Apotheke Vorau;Vorau 425;8250;Vorau
Quellen-Apotheke;Hauptstraße 67;2391;Kaltenleutgeben
Elisabeth-Apotheke;Zielstraße 28;6840;Götzis
Apotheke Zur Madonna;Langobardenstraße 16;1220;Wien
Jakobus-Apotheke;Roseggerstraße 4;8670;Krieglach
Maxine Apotheke;Gunskirchnerstraße 7;4600;Wels
Apotheke Neu Kagran;Erzherzog-Karl-Straße 84 - 88;1220;Wien
Steyrtalapotheke;Josef-Teufel-Platz 1;4523;Neuzeug
Stadt-Apotheke;Hauptplatz 14;8280;Fürstenfeld
Auwald-Apotheke;Eßlinger Hauptstraße 8;1220;Wien
VitaMia-Apotheke;Dorfstraße 1;5751;Maishofen
Leiblachtal-Apotheke;Lindauer Straße 71;6912;Hörbranz
Margareten Apotheke;Margaretenstraße 75;1050;Wien
Wiestal-Apotheke;Kletzlgutweg 3;5400;Hallein
Apotheke IZD Tower;Wagramerstraße 19;1220;Wien
St. Nikolai Apotheke;Linzer Straße 462;1140;Wien
Apotheke Hagenberg;Hauptstraße 90;4232;Hagenberg
Kur- und Stadt-Apotheke;Oberer Stadtplatz 5;6060;Hall/Tirol
St. Hubertus Apotheke;Bahnhofstraße 38;4082;Aschach/Donau
St. Anna-Apotheke;Kürschnergasse 9/Großfeldzentrum;1210;Wien
Panther-Apotheke;Salzburger Straße 255;8950;Stainach-Pürgg
Sonnen-Apotheke;Hauptstraße 24;4644;Scharnstein
St. Thomas-Apotheke;Hauptstraße 95;8141;Premstätten
Apotheke und Drogerie Zum guten Hirten;Marktplatz 15;4730;Waizenkirchen
Apotheke in der Varena;Linzer Straße 50;4840;Vöcklabruck
Kreisapotheke;Linzer Straße 15;4210;Gallneukirchen
Apotheke Zur Heiligen Barbara;Grazer Straße 69;8662;Sankt Barbara im Mürztal
Bahnhof Apotheke;Bahnhofstraße 25;6900;Bregenz
Heide Apotheke;Obere Hauptstraße 26;2424;Zurndorf
St. Franziskus-Apotheke;Münzgrabenstraße 110;8010;Graz
Apotheke Zum heiligen Geist;Hauptstraße 15;7301;Deutschkreutz
Fasan-Apotheke;Hohlweggasse 21;1030;Wien
Anstaltsapotheke LKH Graz II;Göstinger Straße 22;8020;Graz
Donau Apotheke;Donaufelder Straße 99;1210;Wien
Paracelsus-Apotheke;Wiener Straße 36;2100;Korneuburg
Apotheke Zur Universität;Innrain 47;6020;Innsbruck
Krankenhausapotheke der Klinik Favoriten;Kundratstraße 3;1100;Wien
Herz-Jesu-Apotheke;Kremser Gasse 37;3100;St. Pölten
Lindenapotheke Seitenstetten;Steyrer Straße 8A;3353;Seitenstetten
Apotheke Schirmitzbühel;Hugo-Wolf-Straße 9;8605;Kapfenberg
Anstaltsapotheke der Klinik Floridsdorf;Brünnerstraße 68;1210;Wien
Kosmas-Apotheke;Schilcher Weinstraße 147;8563;Ligist
Kräuterapotheke Wartberg;Kräutergasse 1;4552;Wartberg/Krems
Schweden-Apotheke;Schwedenplatz 2;1010;Wien
Lotos Apotheke;Hofsteigstraße 127;6971;Hard
Apotheke Zur Madonna;Wiener Straße 25;2620;Neunkirchen
St. Peter-Apotheke;Völkermarkter Straße 134;9020;Klagenfurt
Ybbstal-Apotheke;Hammerschmiedstraße 2;3340;Waidhofen/Ybbs
Bären-Apotheke;Herrengasse 11;8010;Graz
Linden-Apotheke;Hernalser Hauptstraße 155;1170;Wien
Gründberg Apotheke;Sierninger Straße 174 a;4400;Steyr
Apotheke Zum Schutzengel;Kirchengasse 1;4802;Ebensee
Apotheke Zur Weilburg;Weilburgstraße 2;2500;Baden/Wien
Apotheke Zur heiligen Hemma;Wüstenrotplatz 2 - 4;4030;Linz
Bären-Apotheke;Wegscheiderstraße 3/Infra-Center;4020;Linz
Apotheke Lambach;Marktplatz 4;4650;Lambach
Kloster-Apotheke;Hauptstraße 60;7212;Forchtenstein
Jakobus-Apotheke;Hauptstraße 50;9871;Seeboden
St. Petrus Apotheke;Wieselburger Straße 2;3264;Gresten
Apotheke Liebenau EKZ Murpark;Ostbahnstraße 3;8041;Graz
Kreuz-Apotheke;Hauptstraße 5;6840;Götzis
Perau Apotheke;Ossiacher Zeile 11;9500;Villach
Apotheke Boznerplatz;Boznerplatz 7;6020;Innsbruck
Gurgltal-Apotheke;Pfarrgasse 42;6460;Imst
Verdi-Apotheke;Laxenburger Straße 123 - 125;1100;Wien
Apotheke Enzersdorf an der Fischa;Dreifaltigkeitsplatz 5;2431;Enzersdorf/Fischa
Stadtapotheke Jennersdorf zum Salvator und Drogerie;Hauptplatz 7;8380;Jennersdorf
Salvator Apotheke;Kreuzstraße 10;9330;Althofen
Apotheke Zum heiligen Georg;Hauptplatz 13;2191;Gaweinstal
Apotheke St. Nikolaus;Hauptstraße 16;2333;Leopoldsdorf
Dreifaltigkeitsapotheke Graz;Lazarettgasse 1;8020;Graz
Sonnwend-Apotheke;Dorf 49;6352;Ellmau
St. Nikolaus Apotheke;Wildbichlerstraße 15;6341;Ebbs/Kufstein
Metatron Apotheke;Oswaldgasse 65;1120;Wien
Apotheke Sinabelkirchen;Untergroßau 185;8261;Sinabelkirchen
Apotheke Zum göttlichen Heiland;Josef-Wolfik-Straße 2;2000;Stockerau
Apotheke BÖSEL;Hauptplatz 30;3430;Tulln
Apotheke zum Wienerwald;Tullner Straße 59;3040;Neulengbach
Apotheke zur Mariahilf;Obere Hauptstraße 7;3150;Wilhelmsburg
St.-Florian-Apotheke;Langenlebarner Straße 1;3430;Tulln
Apotheke im PRO;Lindengasse 16;4040;Linz
Stadtapotheke Altheim;Bahnhofstraße 25;4950;Altheim
Apotheke Zur Mariahilf;Hauptplatz 74;8410;Wildon
Apotheke für Dich;Engerthstraße 228;1020;Wien
Internationale Apotheke;Kärntner Ring 17;1010;Wien
Die Apotheke Dr. Fellner KG;Siebenhügelstraße 15;9020;Klagenfurt
Adler Apotheke Krems;Obere Landstraße 3;3500;Krems
Apotheke Marchegg;Hauptstraße 9;2293;Marchegg
Apotheke Mitterau;Göttweigergasse 29;3500;Krems-Mitterau
Heilquell Apotheke;Antonsgasse 1;2500;Baden/Wien
Landschafts-Apotheke Horn;Hauptplatz 14;3580;Horn
Marien-Apotheke Baden;Leesdorfer Hauptstraße 11;2500;Baden/Wien
Plus Apotheke Wolkersdorf;Hauptstraße 16;2120;Wolkersdorf
Sonnen Apotheke;Staasdorfer Straße 15;3430;Tulln
Stadtapotheke Hainfeld;Hauptstraße 7;3170;Hainfeld
Stefans-Apotheke Horn;Puechhaimgasse 20;3580;Horn
Adler-Apotheke Fritsch & Co KG;Stadtplatz 12 - 14;4600;Wels
Aktiv Apotheke Lenzing;Atterseestraße 40;4860;Lenzing
Apotheke am Schillerplatz;Landstraße 70;4020;Linz
Apotheke Ostermiething;Gewerbegebiet;5121;Ostermiething
Apotheke Rosenauer;Freistädter Straße 41;4040;Linz
Apotheke Weißkirchen;Untere Dorfstraße 7;4616;Weißkirchen/Traun
Hofstätter-Apotheke;Hauptplatz 29;4020;Linz
Holler-Apotheke Traun;Heinrich-Gruber-Straße 6;4050;Traun
Apotheke Itzling zur Sonne;Bahnhofstraße 33;5020;Salzburg
Karolinen Apotheke KG;Paracelsusstraße 45;5110;Oberndorf
Kurapotheke;Böcksteiner Bundesstraße 1C;5640;Bad Gastein
Sonnen-Apotheke;Marktstraße 23;5450;Werfen
Barbara-Apotheke;Piberstraße 4;8572;Bärnbach
Kulmland Apotheke;Kulm 59;8212;Pischelsdorf
Landapotheke;Bergstraße 10;8600;Bruck/Mur
Stadt-Apotheke Tofaiach;Langefelderstraße 12;8793;Trofaiach
Apotheke Mariahilf;Mariahilfstraße 1;6020;Innsbruck
Arlberg-Apotheke;Im Gries 22;6580;St. Anton/Arlberg
Bahnhofsapotheke;Bahnhofsplatz 1;9900;Lienz
Linden-Apotheke;Kärntner Straße 24;9900;Lienz
Pontlatz-Apotheke;Urichstraße 43;6500;Landeck-Öd
Vitalis-Apotheke;Innsbrucker Straße 108;6300;Wörgl
Ameis-Apotheke;Linzer Straße 140;1140;Wien
Apotheke Breitenlee;Arnikaweg 117;1220;Wien
Christinen-Apotheke;Vorgartenstraße 132;1020;Wien
Langobarden-Apotheke;Langobardenstraße 126/1;1220;Wien
Meine Marienapotheke;Hartlgasse 25;1200;Wien
Paulaner-Apotheke Mag.pharm. Eduard Hofbauer KG;Wiedner Hauptstraße 18;1040;Wien
Seestadt Apotheke;Maria-Tusch-Straße 12;1220;Wien
Triesting-Apotheke;Fabriksstraße 15 - 17;2522;Oberwaltersdorf
APOTHEKE IM AGZ;Michael-Walchhofer-Straße 13;5541;Altenmarkt
VITUS APOTHEKE Bruck an der Mur;Rudolf-Burgstaller-Gasse 1;8600;Bruck/Mur
Mühlkreisapotheke;Hauptstraße 17;4224;Wartberg/Alst
Apotheke St. Margarethen;Raab 330;8321;St. Margarethen
Apotheke Zum Salvator;Hauptplatz 12 - 13;7423;Pinkafeld
Adler Apotheke;Hauptplatz 53;9821;Obervellach
Augustiner Apotheke;Ledergasse 11;8280;Fürstenfeld
Schutzengel-Apotheke;Rosengasse 2;7503;Großpetersdorf
Anna-Apotheke;Europaplatz 2;4800;Attnang-Puchheim
Ennsleiten-Apotheke;Arbeiterstraße 11;4400;Steyr
Stadt-Apotheke Zaversky Knittelfeld;Hauptplatz 9 - 10;8720;Knittelfeld
Apotheke zum goldenen Elephanten;Liechtensteinstraße 93;1090;Wien
Rathaus-Apotheke;Hauptplatz 33;8570;Voitsberg
Aesculap-Apotheke;Grillparzerstraße 1;8605;Kapfenberg
Münichholz-Apotheke;Wagnerstraße 8;4400;Steyr
Bahnhof-Apotheke;Bahnhofstraße 18;4400;Steyr
Stadt-Apotheke Gerasdorf;Leopoldauer Straße 5;2201;Gerasdorf
St. Georgs-Apotheke;Hauptplatz 9;2325;Himberg
Schutzengel Apotheke;Dr. Karl-Adlitzer-Straße 33A;2514;Möllersdorf
Landschafts-Apotheke;Hauptplatz 15;3820;Raabs/Thaya
Virunum Apotheke;Bahnweg 1C;9063;Maria Saal
Kornblumen Apotheke;10.-Oktober-Straße 5a;9131;Grafenstein
Salvator-Apotheke;Hauptstraße 4;7000;Eisenstadt
Friedrichs-Apotheke;Kalvarienberggasse 66;1170;Wien
Wassermann-Apotheke;Karolingerstraße 1/Top 2;5020;Salzburg
Zugspitz-Apotheke;Kirchplatz 28;6632;Ehrwald
Weinviertel Apotheke;Herzog Albrecht-Straße 1 - 3;2130;Mistelbach
Arnika Apotheke Kanitz;Halleiner Landesstraße 69;5412;Puch
Leonhard-Apotheke;Schillerstraße 26;8330;Feldbach
See-Apotheke;Bahnhofstraße 3;5700;Zell/See
Apotheke Waltendorf;Waltendorfer Hauptstrße 31/4;8010;Graz
Balance Apotheke;Meischlgasse 15/4/1;1230;Wien
Apotheke zum weißen Engel;Sandweg 4;2070;Retz
Apotheke Am Grünanger;Ziehrerstraße 2;8041;Graz
Apotheke St. Martin;Obere Hauptstraße 35;7122;Gols
Narzissen-Apotheke;Altausseer Straße 62;8990;Bad Aussee
Narzissen-Apotheke Filiale Altaussee;Fischerndorf 62;8992;Altaussee
StadtApotheke;Herzog-Ernst-Gasse 11;8600;Bruck/Mur
Apotheke Liesing Riverside;Breitenfurter Straße 372;1230;Wien
Fischapark Apotheke;Zehnergürtel 12 - 24;2700;Wiener Neustadt
Apotheke Frunpark;Shoppingstraße 1/3;7111;Parndorf
Salvator Apotheke;Hauptplatz 14;7551;Stegersbach
Bären-Apotheke;Unterer Platz 22;9300;St. Veit/Glan
Apotheke Trillerpark;Trillergasse 4;1210;Wien
Apotheke Zum weißen Adler;Markt 15;4120;Neufelden
Apotheke Zur Hofmühle;Schwarzer Weg 2/2/2;3363;Neufurth
Zehnergürtel Apotheke;Roseggergasse 55;2700;Wiener Neustadt
Traunstein Apotheke;Druckereistraße 3 - 30;4810;Gmunden
Maut-Turm Apotheke;Linzer Straße 33;4850;Timelkam
Apotheke zum Eichberg;Linzer Straße 40;3002;Purkersdorf
Anstaltsapotheke Universitätsklinikum St. Pölten-Lilienfeld, Standort St. Pölten;Dunant-Platz 1 (Lieferungen: Matthias-Corvinus Straße 45);3100;St. Pölten
Schutzengel-Apotheke;Favoritenstraße 11;1040;Wien
Essenz Apotheke Mariahilf;Mariahilfer Straße 55;1060;Wien
Stadtapotheke Zum Heiligen Leonhard;Hauptplatz 47;9462;Bad St. Leonhard/Lavanttal
Johannes-Apotheke;Wiedner Gürtel 14;1100;Wien
Rupertus Apotheke;Koflerweg 11;6275;Stumm/Zillertal
Apotheke Zur heiligen Dreifaltigkeit;Kaiserstraße 10;2225;Zistersdorf
Apotheke zur heiligen Dreifaltigkeit;Herrenstraße 10;4320;Perg
Neulerchenfelder Apotheke;Ottakringer Straße 98;1170;Wien
SCS-Apotheke;SCS-Galerie 310/Top 262;2334;Vösendorf
Apotheke Mattersburg;Michael Koch-Straße 40;7210;Mattersburg
Hügelland Apotheke;Kirchbach 139;8082;Kirchbach-Zerlach
St. Michael-Apotheke;Höllriglstraße 1;3350;Haag
Apotheke Zur Universität;Universitätsstraße 10;1090;Wien
City Süd-Apotheke;SCS Kaufhaus A/Shop 9 + 11;2334;Vösendorf
Apotheke Kematen;Bahnhofstraße 5;6175;Kematen
Apotheke Oberperfuss;Peter-Anich-Weg 2;6173;Oberperfuss
Apotheke Blindenmarkt;Hauptstraße 57;3372;Blindenmarkt
Apotheke Neuwaldegg;Neuwaldegger Straße 2;1170;Wien
Machland Apotheke;Naarnerstraße 77;4320;Perg
Apotheke Vomp;An der Leiten 15;6134;Vomp
Achen-Apotheke Kramsach;Zentrum 36;6233;Kramsach
Stadt-Apotheke Rattenberg;Pfarrgasse 9;6240;Rattenberg
Apotheke Bulgariplatz;Bulgariplatz 16;4020;Linz
Dorf Apotheke Fügen;Hauptstraße 65;6263;Fügen
Stadtapotheke Zur goldenen Krone des Dr. Georg Kyrle;Silberzeile 11;4780;Schärding
Apotheke Thondorf Zum Heiligen Christophorus;Liebenauer Hauptstraße 308;8041;Graz
Oswald-Apotheke;Moosmahdstraße 35;6850;Dornbirn
St. Martin Apotheke;Eisengasse 25;6850;Dornbirn
Falken-Apotheke;Salzburger Straße 89;4600;Wels-Lichtenegg
Sonnenapotheke;Florianistraße 6;9990;Nußdorf-Debant
Apotheke im Stadion Center;Olympiaplatz 2/Top 1;1020;Wien
Wald-Apotheke;Quellenstraße 91;1100;Wien
Alte Spora Apotheke Am Herrenplatz;Wiener Straße 18;3100;St. Pölten
Apotheke Grüne Mitte;Lastenstraße 23;4020;Linz
Landesapotheke Salzburg Betrieb des Landes Salzburg;Müllner Hauptstraße 50;5020;Salzburg
Landesapotheke Salzburg Betrieb des Landes Salzburg;Müllner Hauptstraße 50;5020;Salzburg
Schlangen-Apotheke;Alte Bandfabrik 1/1;7053;Hornstein
Apotheke Zu Maria Trost;Marktplatz 15;3470;Kirchberg/Wagram
Bahnhof-Apotheke;Zehnergasse 1;2700;Wiener Neustadt
Kuenringer-Apotheke;Weitraer Straße 47;3910;Zwettl
Aesculus Apotheke;Almerstraße 24;5760;Saalfelden
Hochkönig Apotheke;Am Gemeideplatz 4;5761;Maria Alm
Apotheke Zum Wilden Kaiser;Kaiserstraße 9;6380;St. Johann/Tirol
Apotheke in Göss;Turmgasse 7;8700;Leoben
Rosenhügel-Apotheke;Münchenstraße 10;1120;Wien
St. Anna-Apotheke;Währinger Straße 56;1090;Wien
Salvia-Apotheke;Wiener Straße 12/Top 14;2301;Groß-Enzersdorf
Wald-Apotheke Wagrain;Markt 96;5602;Wagrain
Blumenegg-Apotheke;Walgaustraße 16;6712;Thüringen
Löwen Apotheke;Löwenpark 1/E14;3390;Melk
Turmapotheke;Wagner-Biro-Straße 47;8020;Graz
Stadt Apotheke Graz;Hofgasse 3;8010;Graz
Apotheke Zum heiligen Antonius;Bundesstraße 7;2563;Pottenstein
Kaufpark Vösendorf Apotheke;Schönbrunner Allee 18/9;2331;Vösendorf
VITAL APOTHEKE;Hauptstraße 78;5600;St. Johann/Pongau
